Customer_ID,Tenure_Months,Purchase_Frequency,Avg_Order_Value,Total_Spend,Last_Purchase_Days,Website_Visits,Discount_Usage,Support_Tickets,Churn
CUST1001,39,17,4368,42785,91,96,0.4,9,1
CUST1002,29,2,4776,37547,144,13,0.17,1,1
CUST1003,15,3,4855,43818,127,97,0.25,8,1
CUST1004,43,5,4395,72927,113,98,0.26,5,1
CUST1005,8,5,2755,66681,80,97,0.56,4,1
CUST1006,21,1,2505,80465,7,69,0.41,4,0
CUST1007,39,8,4708,90862,16,67,0.95,2,0
CUST1008,19,12,1288,96527,16,61,0.13,5,0
CUST1009,23,4,2842,38333,168,60,0.97,3,1
CUST1010,11,13,1377,17576,12,71,0.23,9,1
CUST1011,11,15,4957,40405,35,24,0.77,1,0
CUST1012,24,11,3194,95000,21,63,0.34,2,0
CUST1013,36,10,759,74779,178,86,0.14,8,1
CUST1014,40,3,3164,32601,171,61,0.86,8,1
CUST1015,24,14,1471,68946,17,23,0.31,5,0
CUST1016,3,16,2013,68356,32,30,0.66,9,0
CUST1017,22,10,3115,53116,41,60,0.57,9,1
CUST1018,2,10,809,63894,134,18,0.47,8,1
CUST1019,24,12,2661,35635,27,96,0.5,3,0
CUST1020,44,9,4320,8465,148,56,0.73,4,1
CUST1021,30,1,483,57754,153,53,0.09,9,1
CUST1022,38,5,3128,98975,66,7,0.67,5,1
CUST1023,2,8,4596,93850,137,97,0.9,8,1
CUST1024,21,11,1291,86119,92,69,0.06,4,0
CUST1025,33,12,1016,93691,61,92,0.14,7,0
CUST1026,12,1,282,39871,166,72,0.72,0,1
CUST1027,22,11,2120,63874,3,79,0.44,4,0
CUST1028,44,5,3691,78733,103,52,0.4,9,1
CUST1029,25,15,3344,30511,55,4,0.14,0,0
CUST1030,27,5,2293,81960,1,34,0.51,9,1
CUST1031,42,12,4913,49821,101,69,0.13,5,1
CUST1032,28,5,375,66776,45,33,0.48,6,1
CUST1033,16,17,2904,71167,175,69,0.76,4,1
CUST1034,15,17,569,76135,26,38,0.26,0,0
CUST1035,47,12,2018,45462,121,98,0.48,5,1
CUST1036,44,15,2301,62382,142,26,0.99,9,1
CUST1037,3,15,4985,91194,46,1,0.69,4,0
CUST1038,37,6,3690,33574,122,4,0.84,5,1
CUST1039,7,12,1979,42910,31,39,0.41,9,1
CUST1040,21,18,1564,74531,59,54,0.77,6,0
CUST1041,9,14,4662,26186,29,90,0.04,6,0
CUST1042,39,2,3542,95781,106,33,0.12,1,1
CUST1043,18,9,4939,23813,17,33,0.2,2,0
CUST1044,4,5,3876,79812,142,72,0.4,5,1
CUST1045,25,1,2626,86525,164,20,0.85,2,1
CUST1046,14,3,272,79282,24,16,0.35,1,0
CUST1047,9,6,3162,19557,109,21,0.65,3,1
CUST1048,26,5,1059,29060,91,45,0.71,4,1
CUST1049,2,5,4056,59866,25,90,0.59,9,1
CUST1050,20,1,4338,73104,32,87,0.36,8,1
CUST1051,28,17,2624,85577,116,82,0.58,2,0
CUST1052,47,19,1264,7080,82,62,0.34,2,0
CUST1053,7,14,2417,14854,110,31,0.08,5,1
CUST1054,44,12,4217,68695,146,42,0.99,4,1
CUST1055,8,10,2459,28025,37,12,0.13,5,1
CUST1056,47,18,3951,53982,26,65,0.07,6,0
CUST1057,35,11,2286,42081,137,73,0.88,2,1
CUST1058,14,2,568,5368,64,3,0.3,4,1
CUST1059,17,18,3004,28094,72,90,0.65,7,0
CUST1060,36,7,350,47040,148,9,0.33,3,1
CUST1061,40,15,1334,67766,106,51,0.39,9,1
CUST1062,4,11,2984,84053,86,16,0.26,1,0
CUST1063,2,18,4364,24991,158,88,0.34,3,1
CUST1064,6,12,2546,2301,53,78,0.41,1,0
CUST1065,42,6,2450,29610,92,3,0.72,2,1
CUST1066,4,13,260,82463,99,98,0.51,3,0
CUST1067,29,16,3210,35678,11,97,0.94,3,0
CUST1068,18,18,4101,25466,31,24,0.04,9,1
CUST1069,26,10,1537,81440,177,73,0.5,8,1
CUST1070,44,8,1384,41875,100,13,0.58,9,1
CUST1071,34,18,4626,27081,87,2,0.92,5,1
CUST1072,10,1,1751,25354,147,71,0.05,8,1
CUST1073,36,8,4633,94297,140,21,0.57,3,1
CUST1074,14,6,1829,19300,15,19,0.85,8,1
CUST1075,31,5,1527,65384,159,89,0.24,8,1
CUST1076,15,15,1726,96027,171,47,0.88,5,1
CUST1077,8,15,1873,61892,101,22,0.02,4,1
CUST1078,14,2,1561,36525,165,75,0.73,2,1
CUST1079,23,1,1773,27532,29,33,0.93,4,1
CUST1080,40,11,2886,7464,114,32,0.66,2,1
CUST1081,21,10,4570,17562,107,64,0.44,4,1
CUST1082,16,18,2566,56514,154,85,0.04,4,1
CUST1083,45,18,3957,75219,108,39,0.92,1,0
CUST1084,18,17,2634,33634,130,84,0.47,8,1
CUST1085,47,8,2193,1060,84,72,0.03,6,1
CUST1086,24,15,1069,10269,15,42,0.69,5,0
CUST1087,26,8,1214,64143,132,9,0.48,4,1
CUST1088,25,17,2111,24065,50,25,0.12,3,0
CUST1089,45,12,802,3895,166,89,0.21,7,1
CUST1090,41,8,4021,81859,23,97,0.06,1,0
CUST1091,29,14,890,13352,59,2,0.57,7,1
CUST1092,15,4,693,50737,90,19,0.62,0,1
CUST1093,45,1,689,97426,115,20,0.51,9,1
CUST1094,1,1,2756,33016,75,93,0.82,0,1
CUST1095,25,19,4685,62304,156,70,0.86,2,0
CUST1096,7,16,494,12962,123,17,0.62,4,1
CUST1097,9,14,4227,34302,136,89,0.01,5,1
CUST1098,24,16,3043,86382,157,68,0.7,3,1
CUST1099,1,5,3112,5011,139,94,0.42,6,1
CUST1100,44,9,1917,20782,18,84,0.57,6,0
CUST1101,8,2,2796,68691,50,3,0.65,1,1
CUST1102,24,18,4944,40725,142,87,0.35,1,0
CUST1103,11,6,2073,10196,118,51,0.92,1,1
CUST1104,17,9,4863,44459,137,82,0.13,1,1
CUST1105,8,1,3458,88245,139,26,0.67,8,1
CUST1106,35,9,3017,79863,108,56,0.0,4,1
CUST1107,35,16,644,33769,67,64,0.92,7,1
CUST1108,33,13,3841,25700,167,8,0.11,4,1
CUST1109,5,9,4658,81356,78,81,0.09,4,0
CUST1110,42,13,941,77427,156,95,0.33,0,0
CUST1111,39,9,2241,6269,75,37,0.37,5,1
CUST1112,41,11,879,44880,39,97,0.21,3,0
CUST1113,28,4,2667,9320,25,27,0.59,2,1
CUST1114,7,2,3897,50589,21,45,0.44,5,1
CUST1115,9,6,1558,77276,138,4,0.03,1,1
CUST1116,8,14,262,36897,171,86,0.32,7,1
CUST1117,12,4,2759,59565,15,90,0.81,0,0
CUST1118,34,6,3969,31930,48,96,0.69,8,1
CUST1119,33,19,4551,58233,86,88,0.72,7,0
CUST1120,23,6,334,83821,149,99,0.7,0,1
CUST1121,24,2,3844,15380,116,37,0.31,9,1
CUST1122,37,18,2335,77896,50,96,0.1,8,0
CUST1123,35,13,3478,71934,151,71,0.27,1,0
CUST1124,44,9,1022,56830,141,33,0.83,2,1
CUST1125,40,19,3274,6529,69,31,0.98,1,0
CUST1126,22,13,3181,95598,4,55,0.49,7,0
CUST1127,27,11,320,83987,78,12,0.01,1,0
CUST1128,35,1,1837,50178,9,11,0.14,9,1
CUST1129,1,7,1124,7937,121,88,0.32,1,1
CUST1130,35,15,844,40886,115,72,0.58,0,0
CUST1131,37,1,2232,50699,163,32,0.08,6,1
CUST1132,47,12,2961,77396,101,57,0.94,1,0
CUST1133,14,7,2268,91678,149,38,0.37,9,1
CUST1134,3,15,441,26279,146,60,0.91,4,1
CUST1135,1,19,2868,39106,97,86,0.78,4,0
CUST1136,5,1,1002,80737,81,98,0.76,2,1
CUST1137,26,17,4364,41544,43,19,0.61,2,0
CUST1138,14,17,395,9997,95,84,0.63,2,0
CUST1139,39,3,2387,86711,6,56,0.64,5,0
CUST1140,27,12,3715,41860,67,14,0.63,3,0
CUST1141,9,6,2530,4225,140,33,0.55,2,1
CUST1142,15,11,2559,60470,100,10,0.99,1,0
CUST1143,15,3,3806,64656,12,80,0.73,2,0
CUST1144,26,8,476,52880,66,64,0.78,3,0
CUST1145,42,14,260,62078,2,64,0.87,5,0
CUST1146,13,14,3590,89646,143,62,0.22,3,1
CUST1147,32,10,2113,77290,151,68,0.08,7,1
CUST1148,39,2,4127,57633,157,91,0.48,2,1
CUST1149,32,14,2791,27655,81,92,0.51,2,0
CUST1150,4,9,766,44601,135,43,0.83,2,1
CUST1151,30,3,4135,4114,156,80,0.44,7,1
CUST1152,37,8,1771,27502,142,59,0.57,3,1
CUST1153,23,16,4917,50768,172,52,0.53,0,1
CUST1154,39,2,1400,49128,158,97,0.04,1,1
CUST1155,45,6,4609,21028,160,19,0.62,9,1
CUST1156,15,12,3054,56565,70,21,0.83,1,0
CUST1157,43,5,3095,84123,115,22,0.16,2,1
CUST1158,29,2,1436,36333,88,9,0.59,5,1
CUST1159,36,16,336,4174,6,9,0.59,7,0
CUST1160,13,5,1229,36398,27,73,0.16,0,0
CUST1161,32,15,2356,36929,82,27,0.12,8,1
CUST1162,7,12,2794,5321,88,17,0.98,0,0
CUST1163,22,4,861,96971,120,44,0.39,9,1
CUST1164,28,15,2672,56421,24,45,0.23,1,0
CUST1165,2,11,2877,73635,102,8,0.17,2,1
CUST1166,42,16,2508,24760,34,80,0.67,6,0
CUST1167,45,6,286,12360,168,18,0.61,8,1
CUST1168,6,14,2712,11313,47,33,0.64,2,0
CUST1169,28,18,3142,86998,24,1,0.09,7,0
CUST1170,28,12,2973,6801,65,76,0.89,8,1
CUST1171,44,11,2704,15130,18,6,0.39,9,1
CUST1172,44,13,3510,15271,44,41,0.31,6,1
CUST1173,20,11,1900,17075,76,55,0.46,3,1
CUST1174,30,16,3870,19984,57,5,0.39,3,0
CUST1175,11,15,2900,89095,107,59,0.86,3,0
CUST1176,28,15,3829,61942,156,80,0.93,5,1
CUST1177,25,4,4790,13861,124,18,0.3,3,1
CUST1178,39,11,1847,99970,151,49,0.86,4,1
CUST1179,33,19,3518,83203,162,82,0.78,8,1
CUST1180,1,15,3887,72376,139,65,0.93,6,1
CUST1181,27,4,796,62247,163,83,0.25,7,1
CUST1182,13,13,4745,70101,116,54,0.58,4,1
CUST1183,41,19,684,21977,93,61,0.27,4,0
CUST1184,3,2,845,51617,42,8,0.82,6,1
CUST1185,39,14,3289,58473,28,3,0.01,7,0
CUST1186,6,4,4957,87654,123,25,0.56,8,1
CUST1187,8,16,4584,89177,24,69,0.34,1,0
CUST1188,27,14,920,73902,136,55,0.32,2,0
CUST1189,9,15,4933,93172,106,40,0.64,1,0
CUST1190,37,3,698,16630,118,83,0.85,9,1
CUST1191,33,8,4929,21056,53,82,0.61,6,1
CUST1192,42,16,1873,8382,132,50,0.85,1,0
CUST1193,44,10,3267,56739,100,95,0.26,1,0
CUST1194,24,4,314,82685,5,33,0.52,1,0
CUST1195,15,18,3179,49639,49,18,0.45,3,0
CUST1196,32,2,4969,60838,98,57,0.01,0,1
CUST1197,32,17,1936,47041,30,16,0.56,1,0
CUST1198,24,13,3811,1992,72,80,0.66,2,0
CUST1199,41,4,2453,73394,103,38,0.59,6,1
CUST1200,12,11,2494,68657,63,41,0.74,9,1
CUST1201,39,7,3830,28160,175,7,0.57,0,1
CUST1202,2,12,346,46156,26,78,0.07,5,0
CUST1203,3,10,4182,52375,37,53,0.12,2,0
CUST1204,37,7,3653,87442,7,63,0.6,2,0
CUST1205,17,13,4707,20572,127,89,0.27,3,1
CUST1206,2,7,2610,5136,168,32,0.08,3,1
CUST1207,2,17,336,62868,92,38,0.43,6,1
CUST1208,28,10,3560,83263,167,22,0.55,2,1
CUST1209,23,10,3205,33167,103,16,0.33,7,1
CUST1210,37,4,3752,16479,53,52,0.72,7,1
CUST1211,32,4,218,32376,132,29,0.64,6,1
CUST1212,33,7,2442,5823,108,16,0.33,1,1
CUST1213,1,1,648,71456,112,76,0.75,4,1
CUST1214,19,12,2148,20585,153,17,0.65,5,1
CUST1215,2,13,1145,18272,7,64,0.64,9,1
CUST1216,44,10,4436,27619,156,91,0.55,3,1
CUST1217,26,15,2120,76069,67,89,0.01,9,1
CUST1218,32,13,3177,40895,108,13,0.7,4,1
CUST1219,6,9,4388,4720,111,72,0.38,8,1
CUST1220,32,9,4215,20267,148,56,0.94,6,1
CUST1221,4,15,438,16696,83,5,0.82,1,0
CUST1222,11,10,404,30968,124,12,0.59,0,1
CUST1223,17,10,2807,54364,139,41,0.25,1,1
CUST1224,38,8,4540,24345,104,3,0.2,2,1
CUST1225,24,16,3588,52567,67,99,0.34,1,0
CUST1226,5,17,3172,92229,7,33,0.48,2,0
CUST1227,34,5,4590,62607,151,86,0.3,9,1
CUST1228,6,4,2887,20385,110,50,0.51,8,1
CUST1229,22,18,4366,84658,34,56,0.17,3,0
CUST1230,11,19,1548,67900,106,9,0.98,8,1
CUST1231,16,4,4600,69244,147,82,0.11,2,1
CUST1232,33,7,1016,66425,58,50,0.93,0,0
CUST1233,9,10,1020,79518,9,29,0.91,4,0
CUST1234,6,18,392,83844,48,39,0.53,9,0
CUST1235,16,19,1976,33919,115,91,0.72,9,1
CUST1236,29,4,3845,91697,41,45,0.44,1,0
CUST1237,3,10,4824,58196,48,17,0.63,3,0
CUST1238,20,1,450,80401,173,56,0.34,1,1
CUST1239,36,18,1988,1495,25,98,0.3,1,0
CUST1240,19,5,3900,45755,116,46,0.58,2,1
CUST1241,26,15,2663,68684,78,67,0.5,4,0
CUST1242,3,17,1367,34324,108,69,0.58,3,0
CUST1243,19,3,4093,79929,25,14,0.29,1,0
CUST1244,20,12,1296,2552,147,67,0.37,9,1
CUST1245,32,2,2879,52272,39,23,0.08,1,1
CUST1246,7,1,2047,36853,119,94,0.05,5,1
CUST1247,41,17,4104,33924,79,61,0.25,6,0
CUST1248,33,16,704,75462,80,23,0.07,9,1
CUST1249,40,5,1821,97387,27,27,0.1,5,1
CUST1250,39,15,2672,24889,104,54,0.81,6,1
CUST1251,18,3,2746,55675,74,10,0.04,0,1
CUST1252,40,7,1587,74591,68,89,0.66,5,1
CUST1253,1,11,3194,71190,147,77,0.27,2,1
CUST1254,11,10,4016,23634,28,16,0.87,0,0
CUST1255,28,9,917,33363,123,41,0.48,7,1
CUST1256,25,14,3684,64752,161,98,0.31,3,1
CUST1257,23,13,4634,78004,138,55,0.52,9,1
CUST1258,31,2,858,57398,83,61,0.38,7,1
CUST1259,30,3,4208,99458,30,86,0.56,9,1
CUST1260,42,7,4724,41718,22,81,0.11,3,0
CUST1261,35,18,4434,83916,3,87,1.0,3,0
CUST1262,7,3,3964,27870,101,49,0.43,9,1
CUST1263,16,10,3189,38394,105,73,0.35,3,1
CUST1264,26,7,4837,53057,176,52,0.71,5,1
CUST1265,2,9,2304,80795,2,2,0.36,8,1
CUST1266,1,17,1455,81409,54,96,0.83,4,0
CUST1267,12,11,2682,14016,6,50,0.45,9,1
CUST1268,5,7,583,43137,107,86,0.72,7,1
CUST1269,37,14,2807,1153,168,43,0.11,7,1
CUST1270,32,19,393,8853,123,77,0.85,3,0
CUST1271,9,4,4007,13379,2,8,0.74,9,1
CUST1272,41,6,3919,16792,111,59,0.21,8,1
CUST1273,35,10,2781,39367,2,65,0.15,8,0
CUST1274,19,7,2765,19100,93,81,0.32,4,1
CUST1275,16,13,2963,64456,101,12,0.98,5,1
CUST1276,3,14,2998,12049,97,4,0.26,4,1
CUST1277,20,4,2539,1786,111,77,0.46,2,1
CUST1278,24,8,3606,70904,6,95,0.03,7,0
CUST1279,33,5,931,31699,127,41,0.4,8,1
CUST1280,24,1,3072,48691,104,7,0.57,3,1
CUST1281,11,4,3320,38040,147,87,0.95,8,1
CUST1282,8,3,4980,93990,155,88,0.52,8,1
CUST1283,36,9,4377,58986,1,69,0.82,6,0
CUST1284,38,8,2804,39762,33,69,0.55,7,1
CUST1285,40,1,2582,24600,40,81,0.04,2,1
CUST1286,20,6,731,95774,32,30,0.32,4,0
CUST1287,35,9,4516,91777,17,73,0.58,2,0
CUST1288,25,7,834,20810,126,6,0.95,6,1
CUST1289,35,4,1969,86703,8,89,0.86,5,0
CUST1290,25,13,4004,88347,57,19,0.23,2,0
CUST1291,29,17,2570,58204,42,80,0.22,8,0
CUST1292,18,2,202,21085,98,85,0.2,0,1
CUST1293,46,5,405,47854,137,66,0.92,9,1
CUST1294,18,12,4335,75797,120,10,0.85,2,1
CUST1295,2,8,2821,85269,87,16,0.77,9,1
CUST1296,35,6,4939,40779,163,37,0.39,6,1
CUST1297,16,8,3090,57207,54,79,0.5,2,0
CUST1298,41,18,3393,95615,84,77,0.46,2,0
CUST1299,36,3,2866,34980,25,77,0.25,1,0
CUST1300,33,12,3506,57117,67,32,0.51,8,1
CUST1301,4,3,1097,15141,174,47,0.03,3,1
CUST1302,33,6,1285,10344,152,72,0.13,9,1
CUST1303,14,2,1479,16896,46,43,0.89,5,1
CUST1304,21,12,870,90353,22,82,0.75,1,0
CUST1305,20,2,1705,30813,139,36,0.42,8,1
CUST1306,8,6,3775,85431,176,26,0.52,6,1
CUST1307,7,17,2155,66679,8,10,0.37,9,0
CUST1308,3,3,449,11681,39,31,0.74,4,1
CUST1309,17,2,2092,73903,163,97,0.78,6,1
CUST1310,33,8,3639,4228,49,29,0.76,3,1
CUST1311,12,12,2053,5582,46,5,0.72,9,1
CUST1312,22,4,3054,79683,38,77,0.2,6,1
CUST1313,22,5,1703,12397,136,1,0.34,1,1
CUST1314,46,13,3585,39799,54,87,0.47,6,0
CUST1315,30,15,3771,38011,165,3,0.33,3,1
CUST1316,38,16,3992,80183,92,67,0.75,3,0
CUST1317,38,10,3626,94254,40,71,0.33,0,0
CUST1318,45,16,243,45264,34,35,0.14,2,0
CUST1319,8,12,3812,43317,96,15,0.4,4,1
CUST1320,27,17,2818,48914,79,67,0.98,4,0
CUST1321,27,16,4878,85633,127,93,0.23,1,0
CUST1322,34,12,3363,46254,17,30,0.61,3,0
CUST1323,21,8,1488,41096,161,82,0.43,0,1
CUST1324,30,3,3142,54785,175,75,0.07,8,1
CUST1325,33,16,419,53344,110,43,0.49,0,0
CUST1326,28,13,2125,83643,52,60,0.7,5,0
CUST1327,47,19,3172,69546,118,40,0.51,6,1
CUST1328,33,8,3713,72091,9,65,0.87,2,0
CUST1329,5,5,2648,66603,33,29,0.29,0,0
CUST1330,19,8,3671,29412,113,74,0.09,6,1
CUST1331,4,12,2974,52658,149,92,0.94,2,1
CUST1332,35,1,1190,50549,85,95,0.38,9,1
CUST1333,17,6,3146,12549,10,19,0.58,5,1
CUST1334,44,18,2012,72216,6,3,0.79,5,0
CUST1335,28,8,1003,26739,115,36,0.32,3,1
CUST1336,30,7,689,22209,121,43,0.72,5,1
CUST1337,29,1,3756,88968,141,15,0.14,9,1
CUST1338,46,16,1693,16116,65,97,0.29,3,0
CUST1339,6,12,3845,21045,20,41,0.14,7,1
CUST1340,35,6,3091,27327,57,90,0.81,8,1
CUST1341,41,2,1905,36709,46,80,0.22,1,0
CUST1342,37,14,3716,44617,136,36,0.72,6,1
CUST1343,24,4,3540,61139,10,97,0.94,8,1
CUST1344,29,1,253,27905,113,84,0.53,8,1
CUST1345,46,18,2775,65148,139,77,0.54,4,0
CUST1346,31,13,3791,73603,12,33,0.46,0,0
CUST1347,35,2,815,99095,138,5,0.33,5,1
CUST1348,33,9,1154,43919,153,78,0.48,7,1
CUST1349,21,2,2633,84521,177,91,0.6,0,1
CUST1350,32,9,1829,93905,177,87,0.99,1,1
CUST1351,23,1,2981,84400,11,14,0.94,0,0
CUST1352,33,11,849,89150,118,68,0.86,4,1
CUST1353,3,3,2547,59446,164,83,0.89,1,1
CUST1354,18,4,4690,53428,39,47,0.47,9,1
CUST1355,25,18,3478,48894,53,54,0.66,9,1
CUST1356,42,6,2840,82149,56,4,0.9,3,1
CUST1357,31,3,4001,7447,104,94,0.39,0,1
CUST1358,3,11,2761,6499,129,83,0.96,6,1
CUST1359,40,15,3449,40041,56,95,0.42,7,0
CUST1360,46,5,570,32315,118,95,0.6,4,1
CUST1361,24,10,1057,2299,132,9,0.71,1,1
CUST1362,32,12,4953,5994,30,53,0.95,7,1
CUST1363,47,15,583,96414,12,77,0.24,0,0
CUST1364,22,17,4077,82163,35,78,0.75,6,0
CUST1365,23,10,2752,8489,77,60,0.52,0,0
CUST1366,2,6,4534,92647,159,46,0.27,5,1
CUST1367,27,18,4490,33355,102,54,0.78,5,0
CUST1368,42,13,2925,74805,87,74,0.55,4,0
CUST1369,2,3,4234,69367,52,95,0.66,1,0
CUST1370,26,10,3493,78355,80,37,0.32,1,0
CUST1371,17,14,4451,91349,135,23,0.48,8,1
CUST1372,40,6,4188,88173,22,27,0.62,4,0
CUST1373,33,3,1122,2996,75,70,0.4,4,1
CUST1374,9,16,3115,45387,58,90,0.2,6,0
CUST1375,43,7,3150,4089,93,66,0.96,5,1
CUST1376,39,14,3246,99827,103,61,0.51,1,0
CUST1377,29,9,1174,21659,140,77,0.73,0,1
CUST1378,42,15,1430,46178,7,51,0.41,4,0
CUST1379,26,3,2635,96965,128,50,0.36,3,1
CUST1380,35,2,2014,82268,55,19,0.41,2,1
CUST1381,25,2,3134,86042,106,1,0.41,1,1
CUST1382,24,3,1563,71726,62,40,0.54,9,1
CUST1383,13,18,4140,71111,90,32,0.54,1,0
CUST1384,7,14,403,35565,98,22,0.5,3,1
CUST1385,36,18,360,90242,77,93,0.13,1,0
CUST1386,45,10,4687,23884,119,66,0.5,3,1
CUST1387,20,2,968,18199,36,40,0.17,2,1
CUST1388,1,1,3948,61038,89,38,0.13,8,1
CUST1389,8,4,2781,58786,152,48,0.93,6,1
CUST1390,46,14,1293,50294,172,55,0.6,2,1
CUST1391,16,1,4700,79015,145,75,0.66,7,1
CUST1392,14,14,807,35178,130,81,0.4,8,1
CUST1393,12,16,1740,13665,141,55,0.91,6,1
CUST1394,23,14,3075,1534,159,51,0.64,5,1
CUST1395,15,3,3391,92828,93,60,0.77,3,1
CUST1396,28,3,2037,37132,114,8,0.37,4,1
CUST1397,34,9,889,37110,28,86,0.96,7,1
CUST1398,2,6,3959,59754,155,68,0.82,2,1
CUST1399,32,13,3149,64580,143,75,0.85,1,0
CUST1400,23,2,2303,23469,33,72,0.17,2,1
CUST1401,22,8,565,65016,20,9,0.27,6,1
CUST1402,25,2,3775,47233,170,90,0.29,7,1
CUST1403,22,4,4750,67708,140,2,0.27,0,1
CUST1404,22,15,4399,59232,101,80,0.86,6,1
CUST1405,42,4,4372,94450,23,95,0.03,8,1
CUST1406,6,13,4525,87437,112,70,0.08,2,0
CUST1407,15,12,2578,35409,14,85,0.27,2,0
CUST1408,43,13,1405,20324,91,90,0.2,7,1
CUST1409,37,14,4039,9738,153,59,0.23,3,1
CUST1410,33,18,2935,25054,77,19,0.8,7,1
CUST1411,8,6,3547,30709,85,28,0.56,4,1
CUST1412,44,11,1875,86643,109,72,0.01,2,0
CUST1413,44,2,498,1363,31,14,0.43,3,1
CUST1414,5,19,1156,11358,122,24,0.41,3,1
CUST1415,39,19,1314,4240,107,44,0.11,7,1
CUST1416,4,5,2705,73201,54,56,0.68,5,1
CUST1417,6,19,1674,46689,133,90,0.7,6,1
CUST1418,45,2,4660,2936,141,95,0.72,8,1
CUST1419,32,10,4646,92074,156,51,0.73,5,1
CUST1420,30,2,3926,44965,43,32,0.0,2,1
CUST1421,47,11,3671,78534,89,50,0.95,2,0
CUST1422,35,18,3028,1882,115,41,0.81,2,0
CUST1423,40,15,3050,21224,99,66,0.9,9,1
CUST1424,16,9,2706,31825,47,25,0.02,1,0
CUST1425,13,19,3970,71740,71,61,0.93,0,0
CUST1426,42,9,3164,29885,166,66,0.81,9,1
CUST1427,30,3,4794,41056,67,42,0.84,0,1
CUST1428,19,9,1149,4203,62,65,0.09,3,1
CUST1429,17,14,4803,61241,109,36,0.74,2,0
CUST1430,19,19,3050,3244,167,76,0.96,4,1
CUST1431,28,7,365,99322,37,9,0.68,8,1
CUST1432,26,16,3686,69619,119,36,0.57,7,1
CUST1433,37,16,2709,22584,86,92,0.95,8,1
CUST1434,26,1,1119,9521,126,38,0.44,4,1
CUST1435,23,4,313,51017,136,33,0.6,7,1
CUST1436,9,4,3704,34541,52,42,0.48,3,1
CUST1437,12,7,1191,30063,91,61,0.93,4,1
CUST1438,1,8,4039,71268,33,46,0.08,2,0
CUST1439,1,17,1458,65952,81,86,0.5,4,0
CUST1440,47,5,3626,94054,42,89,0.69,2,0
CUST1441,34,7,714,40563,112,61,0.79,4,1
CUST1442,32,4,3396,40752,126,18,0.58,4,1
CUST1443,25,6,4634,96233,155,70,0.91,5,1
CUST1444,40,7,2784,3567,136,82,0.94,8,1
CUST1445,45,18,267,17121,151,80,0.06,0,0
CUST1446,1,5,1796,2674,106,15,0.4,9,1
CUST1447,16,3,4678,77411,125,48,0.02,5,1
CUST1448,39,7,218,67275,113,72,0.33,0,0
CUST1449,5,14,2930,68081,64,13,0.54,5,0
CUST1450,22,7,3721,30140,123,43,0.91,1,1
CUST1451,29,5,772,10327,114,60,0.85,7,1
CUST1452,3,5,2458,71663,20,57,0.13,2,0
CUST1453,12,2,3102,24331,16,71,0.09,9,1
CUST1454,26,6,850,24004,145,17,0.59,5,1
CUST1455,16,15,2787,11492,19,50,0.53,5,0
CUST1456,37,10,3462,55797,120,32,0.27,3,1
CUST1457,22,7,1538,59095,136,22,0.9,4,1
CUST1458,29,5,3834,14749,166,55,0.93,1,1
CUST1459,14,1,3027,64217,38,57,0.4,9,1
CUST1460,28,13,2417,90044,93,13,0.89,9,1
CUST1461,5,18,3739,10045,105,47,0.38,7,1
CUST1462,47,13,1237,21116,100,87,0.74,9,1
CUST1463,30,18,4583,19667,90,62,0.48,6,1
CUST1464,46,5,4178,76057,159,54,0.12,9,1
CUST1465,5,13,3161,75205,44,29,0.93,5,0
CUST1466,12,4,3426,28302,76,22,0.45,6,1
CUST1467,16,17,1298,12283,145,65,0.73,0,0
CUST1468,26,3,2524,31935,79,29,0.37,4,1
CUST1469,26,17,1139,73534,73,48,0.02,6,0
CUST1470,21,11,3916,95342,167,5,0.1,0,1
CUST1471,39,4,3614,32624,170,35,0.5,1,1
CUST1472,36,2,1648,14440,176,74,0.69,8,1
CUST1473,33,16,770,47501,140,83,0.33,2,0
CUST1474,30,18,3104,88333,96,71,0.7,5,0
CUST1475,37,8,2705,2269,89,46,0.7,6,1
CUST1476,23,3,1117,8868,103,35,0.7,8,1
CUST1477,10,9,2074,31251,146,45,0.49,4,1
CUST1478,5,6,1878,78909,6,13,0.91,3,0
CUST1479,36,10,815,85523,122,10,0.49,1,1
CUST1480,34,10,4701,39729,171,66,0.45,2,1
CUST1481,31,13,1949,16734,116,70,0.2,4,1
CUST1482,10,17,4025,43429,163,72,0.31,1,0
CUST1483,19,9,4388,42337,62,25,0.04,3,1
CUST1484,32,17,2677,41325,144,44,0.63,0,0
CUST1485,1,9,4949,84600,136,60,0.25,3,1
CUST1486,5,9,3705,63514,89,47,0.3,6,1
CUST1487,45,1,3675,9433,96,40,0.77,2,1
CUST1488,4,2,4729,10111,126,7,0.33,9,1
CUST1489,16,16,1335,64753,90,46,0.24,7,1
CUST1490,24,1,4200,81583,86,23,0.17,5,1
CUST1491,16,10,574,74620,159,83,0.77,5,1
CUST1492,2,18,406,22751,138,46,0.13,0,0
CUST1493,28,8,1519,17453,121,86,0.45,4,1
CUST1494,32,11,1341,86844,76,13,0.51,2,0
CUST1495,27,2,4827,39968,92,21,0.69,9,1
CUST1496,20,8,2890,31077,70,1,0.63,0,0
CUST1497,24,8,3455,35775,148,19,0.81,7,1
CUST1498,12,17,289,59144,133,60,0.04,6,1
CUST1499,35,15,4308,49570,23,33,0.3,6,0
CUST1500,33,17,3220,47097,137,4,0.28,9,1
CUST1501,33,13,2057,25503,58,3,0.15,9,1
CUST1502,43,19,1004,3779,46,91,0.29,9,0
CUST1503,37,5,1144,87840,22,52,0.31,3,0
CUST1504,12,12,2989,1755,8,99,0.52,5,0
CUST1505,3,1,4075,40263,123,28,0.66,8,1
CUST1506,1,5,1810,56087,20,70,0.38,2,0
CUST1507,33,8,3123,43281,179,70,0.72,8,1
CUST1508,40,13,4082,52482,78,55,0.34,3,0
CUST1509,10,8,3421,55857,39,57,0.29,4,0
CUST1510,43,11,4591,18400,37,87,0.54,6,0
CUST1511,44,1,4935,41115,178,97,0.02,5,1
CUST1512,29,13,2587,15249,162,16,0.08,9,1
CUST1513,13,19,4923,47825,75,24,0.42,7,1
CUST1514,12,3,1141,25600,118,69,0.94,7,1
CUST1515,31,17,2766,38706,104,41,0.72,7,1
CUST1516,46,5,1175,20222,161,77,0.09,2,1
CUST1517,2,8,1154,42139,31,47,0.85,9,1
CUST1518,35,14,1462,42302,123,76,0.73,5,1
CUST1519,23,4,1143,95684,54,69,0.61,6,1
CUST1520,17,11,2402,88838,172,31,0.82,8,1
CUST1521,26,15,3527,69159,34,92,0.4,9,0
CUST1522,8,19,4474,9646,122,92,0.22,9,1
CUST1523,29,7,2459,14543,113,30,0.51,3,1
CUST1524,26,19,2028,95496,62,18,0.55,4,0
CUST1525,10,19,1457,23785,23,44,0.54,7,0
CUST1526,26,11,664,79353,46,27,0.57,0,0
CUST1527,34,5,3494,32406,56,99,0.95,5,1
CUST1528,41,5,1430,89992,135,26,0.9,3,1
CUST1529,7,8,2854,52428,118,60,0.88,4,1
CUST1530,4,10,1084,24777,131,18,0.8,4,1
CUST1531,45,6,4005,58939,166,97,0.94,1,1
CUST1532,11,15,4056,54026,162,89,0.1,7,1
CUST1533,29,16,3335,87450,113,56,0.27,1,0
CUST1534,36,17,1124,30553,44,31,0.5,3,0
CUST1535,25,8,4789,24548,128,59,0.85,4,1
CUST1536,21,8,1746,64221,108,2,0.51,0,1
CUST1537,36,9,1294,38265,158,97,0.75,5,1
CUST1538,10,2,2611,41701,17,39,0.14,1,0
CUST1539,37,15,2817,52287,59,61,0.25,4,0
CUST1540,9,18,962,7727,138,63,0.73,5,1
CUST1541,24,3,2523,51717,99,96,0.16,7,1
CUST1542,35,17,4345,33427,84,18,0.35,8,1
CUST1543,35,4,2975,17692,146,17,0.26,5,1
CUST1544,36,4,4859,32625,45,98,0.35,4,1
CUST1545,18,14,3355,25918,108,39,0.71,3,1
CUST1546,39,9,4170,42136,62,71,0.37,1,0
CUST1547,32,9,2240,53409,59,54,0.56,1,0
CUST1548,24,18,783,16577,177,99,0.1,6,1
CUST1549,23,10,4531,86155,160,94,0.81,4,1
CUST1550,32,4,2303,82731,138,76,0.37,6,1
CUST1551,37,12,2142,28689,11,35,0.65,0,0
CUST1552,12,8,4655,12154,102,11,0.73,0,1
CUST1553,13,2,309,95948,70,61,0.21,4,1
CUST1554,23,13,391,22341,123,44,0.88,1,1
CUST1555,25,16,1103,98554,175,68,0.62,7,1
CUST1556,35,2,1061,75681,34,25,0.43,2,0
CUST1557,41,11,1283,47330,101,48,0.18,0,0
CUST1558,30,10,849,88759,145,32,0.94,1,1
CUST1559,17,15,4334,69416,104,84,0.76,9,1
CUST1560,20,17,3811,87807,40,95,0.21,9,0
CUST1561,25,8,836,34313,19,4,0.34,6,1
CUST1562,22,18,1236,47900,67,38,0.81,5,0
CUST1563,13,9,4331,79840,82,63,0.7,7,1
CUST1564,19,8,2348,35695,64,47,0.77,6,1
CUST1565,36,14,4065,31225,83,1,0.44,9,1
CUST1566,12,18,3357,87072,47,3,0.72,7,0
CUST1567,41,12,3787,97367,6,86,0.39,2,0
CUST1568,19,19,3494,50156,16,62,0.21,5,0
CUST1569,12,14,4461,78209,146,64,0.63,6,1
CUST1570,9,17,2630,88453,176,17,0.98,9,1
CUST1571,7,3,2079,28829,171,78,0.31,0,1
CUST1572,28,7,4166,81908,39,62,0.46,0,0
CUST1573,14,17,3913,26938,177,35,0.67,6,1
CUST1574,31,12,4326,60164,113,13,0.54,2,1
CUST1575,19,9,4306,55530,140,35,0.84,2,1
CUST1576,47,15,2211,69199,138,43,0.76,4,1
CUST1577,16,18,3573,61282,71,2,0.06,5,0
CUST1578,5,13,2343,48801,110,56,1.0,1,0
CUST1579,35,8,2700,10465,55,77,0.75,2,0
CUST1580,12,14,4781,4326,129,51,0.86,5,1
CUST1581,25,8,1489,4659,49,54,0.65,2,0
CUST1582,21,14,1647,61289,164,16,0.86,4,1
CUST1583,36,7,3399,28594,21,18,0.11,8,1
CUST1584,23,12,2143,5763,37,7,0.35,2,0
CUST1585,16,11,3383,89657,116,45,0.88,5,1
CUST1586,39,11,3416,11828,24,36,0.2,4,0
CUST1587,45,13,3336,48588,55,41,0.08,4,0
CUST1588,42,18,3518,12221,25,94,0.79,5,0
CUST1589,39,2,2982,12211,135,42,0.84,5,1
CUST1590,14,15,1190,14569,127,7,0.16,0,1
CUST1591,31,18,2353,97894,93,15,0.85,8,1
CUST1592,5,15,425,38860,94,60,0.69,4,0
CUST1593,35,19,976,72558,71,40,0.52,0,0
CUST1594,23,12,3037,46337,122,83,0.83,7,1
CUST1595,29,13,887,53311,24,37,0.42,6,0
CUST1596,43,11,729,14515,11,66,0.19,6,0
CUST1597,11,5,3642,72695,73,55,0.28,4,1
CUST1598,18,1,2353,88227,12,77,0.51,0,0
CUST1599,47,3,1494,25904,35,95,0.53,8,1
CUST1600,12,19,1726,60935,141,80,0.81,8,1
CUST1601,9,7,4974,44790,23,56,0.79,7,1
CUST1602,10,12,3096,69580,83,44,0.58,4,0
CUST1603,44,15,3303,76148,167,57,0.78,2,1
CUST1604,17,5,2640,6636,88,6,0.19,7,1
CUST1605,38,15,4335,78129,80,92,0.05,0,0
CUST1606,7,8,4002,3892,97,32,0.87,2,1
CUST1607,46,10,1044,22672,140,74,0.08,6,1
CUST1608,13,16,646,6812,34,18,0.25,3,0
CUST1609,40,8,4115,97621,75,68,0.7,6,1
CUST1610,42,1,3309,1654,159,73,0.41,4,1
CUST1611,9,12,1434,55633,128,7,0.88,5,1
CUST1612,27,5,426,18143,141,8,0.3,6,1
CUST1613,2,3,4343,56934,31,64,0.01,9,1
CUST1614,5,1,3159,68334,130,7,0.3,6,1
CUST1615,29,4,2030,30087,103,41,0.58,6,1
CUST1616,37,8,3979,12618,15,40,0.38,6,1
CUST1617,38,3,386,9446,57,3,0.53,6,1
CUST1618,19,10,3077,88182,75,17,0.88,2,0
CUST1619,8,2,2735,49867,34,66,0.91,2,0
CUST1620,45,11,2132,52028,103,79,0.27,6,1
CUST1621,1,10,3124,61101,75,93,0.46,1,0
CUST1622,22,14,1048,28200,29,52,0.55,1,0
CUST1623,17,7,2232,96107,16,22,0.95,2,0
CUST1624,7,2,1452,89074,167,4,1.0,3,1
CUST1625,25,9,2081,62465,77,6,0.24,5,1
CUST1626,45,16,469,87436,37,38,0.73,7,0
CUST1627,4,13,1830,88892,81,26,0.38,9,1
CUST1628,36,9,4605,89559,149,11,0.01,9,1
CUST1629,6,4,3403,40148,172,90,0.01,6,1
CUST1630,31,10,1774,83928,124,17,0.46,3,1
CUST1631,19,12,3092,21698,19,88,0.49,1,0
CUST1632,44,17,1895,43470,102,92,0.02,1,0
CUST1633,39,14,3458,93071,136,99,0.69,3,0
CUST1634,27,14,3462,52660,77,31,0.29,5,1
CUST1635,10,2,1645,54910,41,77,0.56,2,0
CUST1636,26,11,419,36450,61,35,0.3,5,1
CUST1637,19,16,252,57463,26,16,0.17,4,0
CUST1638,39,19,1957,34757,71,79,0.41,4,0
CUST1639,3,6,1866,79012,103,18,0.23,1,1
CUST1640,45,19,2985,71247,70,62,0.53,7,0
CUST1641,13,5,919,73015,107,27,0.2,4,1
CUST1642,28,4,605,32390,157,35,0.51,1,1
CUST1643,20,15,2494,57116,107,45,0.16,6,1
CUST1644,28,4,271,14161,103,35,0.67,8,1
CUST1645,8,10,2253,33152,19,28,0.75,8,1
CUST1646,41,3,1429,81171,68,9,0.11,0,1
CUST1647,39,5,1767,96833,70,76,0.47,6,1
CUST1648,1,6,3882,21836,113,15,0.07,8,1
CUST1649,3,8,3153,91367,57,21,0.6,5,1
CUST1650,13,7,4682,67543,165,52,0.26,0,1
CUST1651,28,10,898,56648,61,35,0.53,1,0
CUST1652,25,6,1026,27331,92,97,0.52,3,1
CUST1653,33,14,548,11763,30,51,0.92,3,0
CUST1654,38,4,4108,70444,153,83,0.55,1,1
CUST1655,6,13,507,94109,127,55,0.58,7,1
CUST1656,44,17,3616,20187,115,87,0.4,1,0
CUST1657,45,7,2534,12957,6,77,0.95,2,0
CUST1658,32,4,3009,5379,18,44,0.78,3,1
CUST1659,45,14,3758,28959,10,65,0.29,8,0
CUST1660,47,3,4678,83018,92,93,0.84,9,1
CUST1661,21,5,3677,28105,139,88,0.43,0,1
CUST1662,16,16,4820,1877,77,80,0.83,7,1
CUST1663,21,4,2886,49353,101,25,0.82,4,1
CUST1664,11,2,3185,84788,84,87,0.19,6,1
CUST1665,37,18,475,97870,52,92,0.7,7,0
CUST1666,36,19,2747,85585,31,47,0.29,4,0
CUST1667,35,19,2964,84308,145,80,0.3,7,1
CUST1668,19,17,536,52567,110,56,0.3,9,1
CUST1669,20,14,2173,58913,93,38,0.73,7,1
CUST1670,18,19,3179,3637,164,11,0.23,8,1
CUST1671,47,13,4776,73778,154,67,0.0,1,1
CUST1672,41,12,4168,43025,53,15,0.72,2,0
CUST1673,14,6,1110,83464,145,1,0.17,0,1
CUST1674,15,4,2196,29742,86,7,0.1,3,1
CUST1675,31,19,3329,12831,153,1,0.24,4,1
CUST1676,1,16,4404,86092,2,49,0.38,0,0
CUST1677,3,13,3957,91879,86,96,0.48,7,0
CUST1678,16,4,527,89370,133,73,0.04,1,1
CUST1679,23,17,1999,47762,4,29,0.97,0,0
CUST1680,11,1,514,99958,164,26,0.72,1,1
CUST1681,12,18,3745,89741,6,87,0.32,4,0
CUST1682,10,17,1334,19830,149,45,0.32,8,1
CUST1683,32,15,2946,56044,118,93,0.45,8,1
CUST1684,16,11,1720,74948,89,97,0.63,1,0
CUST1685,8,13,355,70202,154,71,0.15,1,1
CUST1686,38,1,1924,38045,167,12,0.19,2,1
CUST1687,12,17,3543,87322,161,95,0.86,6,1
CUST1688,24,6,1086,72051,14,32,0.26,2,0
CUST1689,28,4,3273,27627,56,20,0.38,0,1
CUST1690,8,16,3005,16198,81,51,0.87,5,1
CUST1691,28,15,921,70521,149,81,0.66,2,0
CUST1692,36,15,1112,30475,46,36,0.34,0,0
CUST1693,26,6,3557,20403,144,67,0.68,3,1
CUST1694,8,15,1070,4681,16,1,0.02,0,0
CUST1695,28,14,4308,92555,120,27,0.74,0,0
CUST1696,28,11,697,94122,84,40,0.49,1,0
CUST1697,37,7,1956,43292,157,97,0.81,9,1
CUST1698,41,9,1317,6629,8,84,0.95,7,1
CUST1699,36,16,3609,94246,88,14,0.93,1,0
CUST1700,27,5,3028,96864,131,69,0.91,1,1
CUST1701,17,10,1847,78814,19,87,0.51,9,0
CUST1702,9,18,3183,9417,97,79,0.36,9,1
CUST1703,33,3,342,35765,66,6,0.47,7,1
CUST1704,20,13,2961,75499,79,33,0.69,5,1
CUST1705,13,11,3635,57574,86,55,0.88,3,0
CUST1706,28,17,4860,91545,124,19,0.21,2,0
CUST1707,29,13,2631,28675,150,77,0.92,0,0
CUST1708,13,6,4712,73267,46,29,0.82,2,0
CUST1709,46,17,2048,41563,113,61,0.98,8,1
CUST1710,35,13,2896,12332,91,70,0.88,4,1
CUST1711,6,19,1917,20177,141,79,0.28,5,1
CUST1712,18,19,3272,90254,33,80,0.11,4,0
CUST1713,5,10,1267,69447,133,24,0.11,0,1
CUST1714,47,3,2986,58104,77,23,0.29,9,1
CUST1715,25,14,3991,85335,155,10,0.61,0,1
CUST1716,2,19,1488,81730,121,54,0.8,3,0
CUST1717,10,5,4071,5951,128,41,0.9,2,1
CUST1718,30,5,2006,29333,78,49,0.62,7,1
CUST1719,45,17,1704,22673,152,17,0.01,6,1
CUST1720,5,10,3508,41870,67,56,0.19,6,1
CUST1721,33,5,3151,72101,115,45,0.1,7,1
CUST1722,1,4,271,23821,63,30,0.36,9,1
CUST1723,18,6,1890,26494,113,44,0.5,6,1
CUST1724,32,4,1544,75160,94,74,0.04,9,1
CUST1725,47,7,3503,1835,48,55,0.35,1,0
CUST1726,11,7,3313,19646,12,19,0.18,3,0
CUST1727,21,18,1082,78360,156,29,0.65,5,1
CUST1728,26,3,4434,38335,172,2,0.46,2,1
CUST1729,25,1,2862,70351,171,36,0.5,2,1
CUST1730,22,4,1704,3429,145,19,0.43,5,1
CUST1731,27,6,2663,42950,40,7,0.96,0,0
CUST1732,13,9,2753,61654,177,26,0.21,0,1
CUST1733,33,14,932,69143,85,79,0.52,4,0
CUST1734,34,12,1948,92186,57,38,0.74,0,0
CUST1735,41,4,4124,98889,87,3,0.56,9,1
CUST1736,35,12,623,78527,84,80,0.93,7,1
CUST1737,1,10,3678,87704,121,66,0.38,1,0
CUST1738,21,7,1791,32099,74,95,0.46,5,1
CUST1739,6,3,4685,40385,107,92,0.09,9,1
CUST1740,28,14,4637,36919,124,71,0.61,9,1
CUST1741,17,10,4909,97952,100,94,0.29,4,0
CUST1742,5,16,692,61782,43,43,0.16,9,1
CUST1743,31,16,391,72116,119,62,0.54,3,0
CUST1744,5,10,698,73590,23,71,0.53,0,0
CUST1745,38,13,1456,90626,155,93,0.08,2,0
CUST1746,3,6,2168,41387,37,24,0.7,3,1
CUST1747,23,12,4522,16823,134,39,0.62,1,1
CUST1748,37,9,2386,47015,65,68,0.19,1,0
CUST1749,37,13,1016,16339,134,93,0.47,1,0
CUST1750,10,4,3420,4491,178,44,0.72,0,1
CUST1751,10,11,1673,1706,22,5,0.53,9,1
CUST1752,19,18,1286,98493,105,55,0.4,1,0
CUST1753,17,11,4399,16728,88,93,0.32,5,1
CUST1754,21,4,2074,7997,153,30,0.61,2,1
CUST1755,14,18,1070,61408,125,29,0.94,9,1
CUST1756,9,1,4963,59097,79,26,0.67,4,1
CUST1757,46,7,2242,39523,90,83,0.07,0,0
CUST1758,1,6,472,26163,51,26,0.46,7,1
CUST1759,45,15,1229,18718,176,37,0.89,3,1
CUST1760,13,18,3418,88508,102,91,0.09,8,0
CUST1761,4,11,4269,84767,106,94,0.99,3,0
CUST1762,1,15,1251,40619,60,53,0.95,1,0
CUST1763,40,16,4233,13126,46,30,0.08,2,0
CUST1764,32,7,1773,90131,36,3,0.93,4,0
CUST1765,34,10,3390,65926,166,43,0.36,9,1
CUST1766,28,12,4588,41633,11,7,0.84,5,0
CUST1767,31,14,3997,78654,12,49,0.42,6,0
CUST1768,8,5,3489,4317,170,73,0.44,3,1
CUST1769,39,18,3947,45980,39,41,0.63,6,0
CUST1770,26,5,2305,45115,139,77,0.77,9,1
CUST1771,34,3,507,62646,36,79,0.03,2,0
CUST1772,3,5,3559,44158,52,54,0.59,6,1
CUST1773,12,17,3376,56963,31,69,0.19,3,0
CUST1774,1,19,1451,48631,33,93,0.35,7,0
CUST1775,44,19,2947,50316,141,99,0.35,8,1
CUST1776,5,12,1717,60342,146,91,0.47,6,1
CUST1777,30,9,1578,16504,169,27,0.33,7,1
CUST1778,30,1,2161,69593,58,8,0.11,7,1
CUST1779,17,18,4505,27660,152,32,0.15,1,1
CUST1780,47,4,3063,38196,128,84,0.03,8,1
CUST1781,23,10,2856,66938,31,64,0.47,5,0
CUST1782,15,7,2694,9605,55,10,0.95,3,1
CUST1783,37,1,4767,58388,10,13,0.12,4,1
CUST1784,21,17,4205,82297,130,63,0.95,9,1
CUST1785,14,2,3763,56501,15,93,0.73,4,0
CUST1786,2,11,1122,54309,3,35,0.64,6,0
CUST1787,11,9,4432,28043,43,61,0.65,8,1
CUST1788,39,7,4662,34635,159,54,0.83,6,1
CUST1789,38,17,3159,80315,67,8,0.11,8,1
CUST1790,34,17,383,81691,56,29,0.5,3,0
CUST1791,38,2,3558,34132,63,95,0.7,9,1
CUST1792,34,6,1598,90387,15,41,0.59,9,1
CUST1793,18,14,2996,16366,109,30,0.83,3,1
CUST1794,30,6,736,94944,116,86,0.07,5,1
CUST1795,15,2,1473,73107,92,21,0.69,7,1
CUST1796,27,1,3167,63580,138,76,0.53,8,1
CUST1797,34,10,3249,58889,166,11,0.38,0,1
CUST1798,38,5,1296,80553,47,2,0.34,0,0
CUST1799,33,2,1505,40236,57,50,0.62,7,1
CUST1800,24,16,1115,5150,50,41,0.89,6,0
CUST1801,15,2,3281,20423,71,66,0.5,8,1
CUST1802,30,10,4447,5137,143,98,0.82,2,1
CUST1803,42,2,1228,30992,146,3,0.4,9,1
CUST1804,17,16,2177,95438,82,80,0.1,4,0
CUST1805,5,16,3554,45921,116,51,0.06,2,0
CUST1806,29,19,2711,80369,105,68,0.05,4,0
CUST1807,4,7,470,67917,88,87,0.38,9,1
CUST1808,10,12,1386,74690,2,84,0.34,0,0
CUST1809,17,15,4755,35235,104,25,0.72,3,1
CUST1810,10,8,4400,79975,84,30,0.74,5,1
CUST1811,17,6,3964,20122,43,82,0.05,1,0
CUST1812,20,10,2598,24956,154,11,0.22,6,1
CUST1813,24,3,4729,64879,71,93,0.27,7,1
CUST1814,5,19,4435,59560,166,17,0.55,0,0
CUST1815,34,17,4382,83800,94,26,0.14,3,0
CUST1816,6,7,1911,69685,42,23,0.13,3,0
CUST1817,2,4,2430,25660,133,56,0.94,4,1
CUST1818,13,14,328,87064,139,52,0.8,3,1
CUST1819,43,15,1469,2168,65,48,0.18,8,1
CUST1820,43,8,3872,46124,34,20,0.41,6,1
CUST1821,11,15,1801,36897,120,2,0.36,1,1
CUST1822,47,14,4965,16032,1,88,0.79,0,0
CUST1823,23,9,4170,53797,130,31,0.51,8,1
CUST1824,16,8,4444,36294,148,27,0.13,0,1
CUST1825,31,17,827,44827,61,2,0.74,5,0
CUST1826,11,2,3997,4516,149,78,0.4,1,1
CUST1827,16,3,2244,20751,88,4,0.26,3,1
CUST1828,8,8,3752,31373,68,13,0.38,5,1
CUST1829,4,12,2541,31270,127,35,0.5,4,1
CUST1830,40,1,3414,11386,140,72,0.34,5,1
CUST1831,4,10,449,65817,22,66,0.24,2,0
CUST1832,25,3,3125,66184,148,6,0.4,4,1
CUST1833,3,6,1174,80693,82,31,0.02,1,0
CUST1834,32,7,1525,38879,129,10,0.77,6,1
CUST1835,3,18,1183,50597,30,21,0.17,2,0
CUST1836,27,11,1088,40132,126,74,0.04,0,0
CUST1837,29,19,3137,4626,97,23,0.65,7,1
CUST1838,32,5,2317,86936,24,3,0.77,7,1
CUST1839,19,19,2872,82515,14,32,0.81,2,0
CUST1840,21,11,1526,78065,36,20,0.49,6,0
CUST1841,5,12,670,56390,24,74,0.21,8,0
CUST1842,18,10,2187,17645,95,29,0.74,7,1
CUST1843,28,8,290,92960,55,52,0.7,2,0
CUST1844,42,9,729,55144,24,46,0.25,1,0
CUST1845,22,4,4956,14382,152,34,0.9,9,1
CUST1846,21,5,4259,5025,26,84,0.1,6,1
CUST1847,6,8,2973,44226,80,61,0.98,6,1
CUST1848,1,9,1886,80380,166,72,0.86,8,1
CUST1849,5,15,391,70711,65,71,0.69,4,0
CUST1850,41,15,2186,97055,75,70,0.94,3,0
CUST1851,12,16,3823,75710,179,11,0.72,7,1
CUST1852,26,14,2385,4443,163,82,0.19,3,1
CUST1853,46,8,4640,22395,43,93,0.44,3,0
CUST1854,34,18,1208,11725,29,89,0.07,1,0
CUST1855,14,10,3983,34461,165,63,0.39,0,1
CUST1856,26,6,4498,42115,81,21,0.74,3,1
CUST1857,45,12,4868,97887,54,3,0.39,6,1
CUST1858,27,2,4487,84732,39,82,0.33,8,1
CUST1859,9,7,2252,80790,42,88,0.6,8,1
CUST1860,26,16,3508,80557,156,10,0.87,9,1
CUST1861,47,3,1916,72260,29,27,0.05,0,0
CUST1862,22,13,510,29690,171,12,0.39,4,1
CUST1863,47,3,4738,2407,131,7,0.16,6,1
CUST1864,30,18,1460,74568,138,17,0.7,6,1
CUST1865,43,11,4132,59560,142,65,0.11,9,1
CUST1866,17,8,3468,48340,175,64,0.66,5,1
CUST1867,26,6,784,18794,42,26,0.29,9,1
CUST1868,36,1,2999,20881,94,15,0.2,3,1
CUST1869,1,1,559,87292,160,33,0.94,2,1
CUST1870,8,8,3066,95952,32,62,0.02,8,1
CUST1871,35,5,2211,50703,170,47,0.44,9,1
CUST1872,15,16,4206,45354,160,95,0.02,3,1
CUST1873,47,11,1825,92288,26,35,0.48,7,0
CUST1874,22,5,2964,79462,115,65,0.5,0,1
CUST1875,14,4,1090,15390,129,72,0.32,6,1
CUST1876,26,6,931,88475,56,76,0.13,5,1
CUST1877,28,14,4161,28307,122,83,0.38,0,0
CUST1878,23,19,4901,97364,106,25,0.67,3,0
CUST1879,14,9,2704,95049,130,57,0.78,4,1
CUST1880,24,12,814,25502,81,32,0.53,7,1
CUST1881,2,11,4006,96599,158,63,0.59,3,1
CUST1882,45,14,1919,23486,120,12,0.2,2,1
CUST1883,26,16,4969,39258,52,63,0.29,1,0
CUST1884,14,1,1787,58716,91,77,0.16,3,1
CUST1885,7,13,1811,98228,137,92,0.25,9,1
CUST1886,3,13,1096,82494,22,1,0.22,3,0
CUST1887,47,2,477,83768,34,51,0.52,9,1
CUST1888,23,4,4847,11748,110,70,0.56,4,1
CUST1889,46,6,1836,63785,49,8,0.94,6,1
CUST1890,43,5,2358,77050,129,68,0.2,8,1
CUST1891,47,3,2632,23738,73,5,0.64,1,1
CUST1892,45,1,4104,75231,84,89,0.82,4,1
CUST1893,18,4,3462,74606,53,86,0.56,9,1
CUST1894,38,2,1649,94301,100,92,0.26,8,1
CUST1895,35,5,4700,42662,124,39,0.26,2,1
CUST1896,15,3,1432,97297,168,23,0.04,0,1
CUST1897,25,9,4317,83234,45,68,0.31,1,0
CUST1898,37,6,877,16123,137,52,0.74,5,1
CUST1899,28,18,2858,26616,105,4,0.05,4,1
CUST1900,10,6,2228,12182,150,47,0.22,0,1
CUST1901,39,19,3958,91369,146,21,0.71,0,0
CUST1902,17,12,4824,99878,106,56,0.78,3,0
CUST1903,39,11,2237,63013,43,66,0.46,3,0
CUST1904,22,2,2849,32331,167,59,0.7,5,1
CUST1905,26,15,856,47098,134,7,0.39,5,1
CUST1906,44,12,365,27128,48,49,0.16,9,1
CUST1907,25,12,4791,32556,126,16,0.4,5,1
CUST1908,17,9,789,88505,7,17,0.58,0,0
CUST1909,13,2,4724,22876,16,84,0.95,9,1
CUST1910,20,3,3021,9949,129,87,0.07,8,1
CUST1911,25,12,4458,52962,115,98,0.51,6,1
CUST1912,4,16,1462,91054,37,75,0.33,6,0
CUST1913,10,1,271,72206,165,34,0.51,6,1
CUST1914,3,3,3716,25099,125,33,0.02,1,1
CUST1915,41,2,4950,13716,81,26,0.31,1,1
CUST1916,45,9,3780,53611,62,66,0.82,5,1
CUST1917,18,19,468,39885,72,63,0.55,6,0
CUST1918,47,15,1976,54144,125,87,0.45,2,0
CUST1919,36,18,2662,66220,161,41,0.29,3,1
CUST1920,47,11,1468,8837,66,86,0.3,2,0
CUST1921,22,16,1215,50355,30,58,0.38,6,0
CUST1922,34,17,2922,48299,20,98,0.84,6,0
CUST1923,47,5,1283,20159,82,79,0.97,3,1
CUST1924,8,12,4301,52012,107,10,0.44,6,1
CUST1925,40,11,606,60305,152,15,0.39,4,1
CUST1926,44,15,3276,88096,132,42,0.85,0,0
CUST1927,19,3,1185,18106,37,93,0.43,9,1
CUST1928,42,1,3803,59123,132,57,0.55,3,1
CUST1929,41,16,4685,9720,77,87,0.23,6,0
CUST1930,37,2,909,38661,89,17,0.74,1,1
CUST1931,6,2,2818,94898,146,60,0.53,1,1
CUST1932,26,3,1611,94794,88,9,0.81,0,1
CUST1933,34,8,4821,88318,176,36,0.78,1,1
CUST1934,45,15,1685,22120,33,73,0.22,9,1
CUST1935,6,7,3150,20790,58,80,0.72,7,1
CUST1936,37,6,4851,59655,28,36,0.8,7,1
CUST1937,33,9,3134,60643,35,48,0.35,7,1
CUST1938,22,1,4314,94448,125,51,0.17,0,1
CUST1939,21,8,4870,48374,138,97,0.0,0,1
CUST1940,6,3,1203,43907,65,95,0.45,9,1
CUST1941,6,4,2666,51071,42,70,0.35,3,0
CUST1942,4,15,2666,35812,85,74,0.55,5,0
CUST1943,30,6,2138,50570,137,80,0.19,7,1
CUST1944,11,15,2139,51901,111,68,0.86,1,0
CUST1945,30,3,1835,61186,15,22,0.26,2,0
CUST1946,31,14,1898,51251,69,77,0.23,5,0
CUST1947,24,14,4727,66171,105,80,0.48,9,1
CUST1948,9,4,2291,37160,150,93,0.5,3,1
CUST1949,3,12,2095,20156,64,6,0.22,1,0
CUST1950,31,17,4440,77208,41,26,0.27,6,0
CUST1951,40,7,3598,80980,71,75,0.17,3,0
CUST1952,37,9,1273,73320,56,88,0.72,7,1
CUST1953,36,3,2602,18929,151,93,0.77,7,1
CUST1954,24,13,3412,67606,25,3,0.46,6,0
CUST1955,31,15,4237,89442,105,52,0.71,9,1
CUST1956,6,18,1351,63559,134,74,0.74,8,1
CUST1957,2,19,2645,55205,119,60,0.14,3,0
CUST1958,20,1,2156,69475,162,63,0.97,6,1
CUST1959,28,6,4758,65341,9,65,0.82,9,1
CUST1960,11,2,4107,96377,60,52,0.2,9,1
CUST1961,4,14,1007,43863,125,90,0.19,0,0
CUST1962,15,6,386,82837,49,76,0.13,3,0
CUST1963,6,14,4724,66439,51,14,0.14,1,0
CUST1964,30,4,1507,8194,70,89,0.75,8,1
CUST1965,38,8,2484,72387,37,72,0.47,4,0
CUST1966,2,3,957,82914,31,68,0.78,2,0
CUST1967,15,19,4431,67214,169,28,0.75,3,1
CUST1968,11,14,4054,97176,62,71,0.6,5,0
CUST1969,8,17,4466,30777,93,10,0.69,9,1
CUST1970,26,8,2406,27183,14,57,0.02,0,0
CUST1971,45,14,3758,28445,164,66,0.31,6,1
CUST1972,44,6,1780,68038,164,90,0.64,7,1
CUST1973,5,16,1161,88201,79,50,0.01,6,0
CUST1974,6,19,4047,17198,8,14,0.03,6,0
CUST1975,26,14,3775,22411,154,16,0.85,8,1
CUST1976,4,19,1075,51577,36,54,0.68,3,0
CUST1977,19,3,2618,16867,48,43,0.27,6,1
CUST1978,20,10,4398,63501,85,42,0.69,8,1
CUST1979,33,19,1201,15266,28,81,0.79,4,0
CUST1980,20,9,3584,40422,51,22,0.31,1,0
CUST1981,12,13,4266,36208,104,68,0.04,4,1
CUST1982,47,7,3045,32213,170,19,0.93,3,1
CUST1983,1,14,1681,8367,101,66,0.35,7,1
CUST1984,26,9,3501,80026,29,39,0.11,4,0
CUST1985,14,19,857,36362,127,73,0.49,8,1
CUST1986,38,15,2980,52588,82,19,0.77,8,1
CUST1987,37,14,622,39285,10,16,0.22,2,0
CUST1988,11,6,3881,75755,106,54,0.27,9,1
CUST1989,36,4,4466,72846,167,25,0.24,5,1
CUST1990,13,8,2910,37307,1,18,0.99,5,0
CUST1991,43,17,652,96167,39,23,0.2,3,0
CUST1992,3,9,2597,81280,21,85,0.58,9,1
CUST1993,33,1,2175,20867,65,11,0.93,2,1
CUST1994,6,14,1857,57523,15,39,0.15,0,0
CUST1995,10,11,2741,85161,132,68,0.97,6,1
CUST1996,5,3,3275,7378,61,25,0.95,4,1
CUST1997,23,9,3364,85685,148,63,0.88,9,1
CUST1998,10,14,3166,77958,138,96,0.21,6,1
CUST1999,44,9,2253,28926,87,30,0.63,0,0
CUST2000,2,4,487,99707,105,45,0.76,7,1
CUST2001,13,4,3417,14180,34,90,0.99,2,0
CUST2002,40,8,4054,93837,124,61,0.18,6,1
CUST2003,2,2,1647,37931,110,51,0.77,2,1
CUST2004,20,9,807,25014,176,98,0.34,2,1
CUST2005,1,14,4752,97472,33,9,0.18,9,1
CUST2006,37,9,1964,80872,98,76,0.42,8,1
CUST2007,9,16,1425,59502,61,2,0.79,1,0
CUST2008,17,17,1435,88736,10,5,0.46,3,0
CUST2009,9,16,1229,6470,84,62,0.54,5,1
CUST2010,11,12,2871,97395,65,69,1.0,2,0
CUST2011,15,3,4162,15953,77,52,0.4,9,1
CUST2012,24,11,4742,39507,1,86,0.62,9,0
CUST2013,38,14,3377,93969,133,5,0.37,6,1
CUST2014,35,18,3922,92493,80,59,0.39,6,0
CUST2015,30,5,1675,7523,15,68,0.7,4,0
CUST2016,31,16,3096,87923,28,9,0.94,2,0
CUST2017,5,5,1008,58190,23,93,0.54,1,0
CUST2018,44,3,1178,48761,109,22,0.77,3,1
CUST2019,14,12,2663,32169,107,27,0.09,3,1
CUST2020,11,1,925,46641,145,10,0.21,7,1
CUST2021,9,9,2701,23990,113,80,0.5,7,1
CUST2022,34,9,3562,30661,98,61,0.02,4,1
CUST2023,12,4,1416,14419,141,51,0.25,5,1
CUST2024,35,3,4251,15457,142,10,0.52,7,1
CUST2025,35,17,2397,68600,139,6,0.01,0,0
CUST2026,1,2,3006,77102,28,62,0.26,4,1
CUST2027,40,1,978,34085,42,5,0.51,3,1
CUST2028,22,8,1172,98064,99,70,0.57,3,0
CUST2029,29,13,3010,51654,61,63,0.93,1,0
CUST2030,8,15,2323,7130,123,56,0.65,9,1
CUST2031,11,8,798,3042,64,59,0.41,0,0
CUST2032,41,12,3541,71134,31,63,0.93,5,0
CUST2033,37,12,424,43982,81,89,0.78,6,1
CUST2034,14,14,1040,99422,10,59,0.2,4,0
CUST2035,30,15,2014,66185,8,51,0.13,7,0
CUST2036,35,15,1306,34477,149,50,0.68,8,1
CUST2037,21,9,324,53709,59,4,0.56,1,0
CUST2038,37,19,3446,29716,178,48,0.79,3,1
CUST2039,5,8,3131,79137,30,32,0.74,8,1
CUST2040,19,19,4325,37018,145,51,0.63,4,1
CUST2041,14,6,3171,9061,20,52,0.99,2,0
CUST2042,26,19,2217,9609,48,99,0.53,5,0
CUST2043,4,4,2615,36371,130,74,0.11,2,1
CUST2044,25,7,4790,84021,37,34,0.83,4,0
CUST2045,45,4,3296,21805,129,36,0.25,2,1
CUST2046,42,12,1809,8857,132,70,0.78,5,1
CUST2047,25,13,917,12620,100,43,0.96,9,1
CUST2048,18,3,3761,9177,54,16,0.7,4,1
CUST2049,40,12,1216,31111,122,59,0.6,8,1
CUST2050,8,2,3765,89578,25,53,0.46,2,0
CUST2051,39,2,4901,85181,131,19,0.36,5,1
CUST2052,40,9,4670,90941,9,98,0.35,7,0
CUST2053,14,1,2160,12826,34,89,0.64,6,1
CUST2054,32,8,1248,14890,43,95,0.75,5,1
CUST2055,38,6,1557,83428,74,41,0.68,1,0
CUST2056,33,6,3626,59031,94,81,0.2,6,1
CUST2057,23,18,315,76020,22,47,0.49,7,0
CUST2058,15,17,2295,6495,70,94,0.79,0,0
CUST2059,33,12,2001,29481,130,54,0.48,8,1
CUST2060,25,6,2346,12267,94,55,0.54,3,1
CUST2061,17,8,1820,7743,32,95,0.77,7,1
CUST2062,33,19,4980,55800,106,19,0.66,9,1
CUST2063,47,10,3150,49773,144,62,0.41,6,1
CUST2064,2,1,3992,58042,1,99,0.9,9,1
CUST2065,14,13,3141,50476,72,93,0.16,6,0
CUST2066,40,17,1177,93105,176,59,1.0,1,0
CUST2067,40,3,3266,29552,50,65,0.12,0,0
CUST2068,39,8,983,66242,141,68,0.01,3,1
CUST2069,6,14,440,46772,15,28,0.89,1,0
CUST2070,6,3,1753,44730,53,18,0.24,7,1
CUST2071,3,16,4778,29948,172,26,0.73,9,1
CUST2072,7,13,1212,77311,8,19,0.81,6,0
CUST2073,8,17,386,70093,74,55,0.86,7,0
CUST2074,42,13,2081,70123,46,57,0.99,5,0
CUST2075,15,6,4786,17535,69,6,0.29,0,1
CUST2076,47,17,630,67490,114,1,0.71,8,1
CUST2077,29,14,438,47562,147,8,0.12,5,1
CUST2078,33,17,2545,90080,166,97,0.41,9,1
CUST2079,30,8,275,59535,123,51,0.85,0,1
CUST2080,39,11,1556,99991,139,85,0.37,0,0
CUST2081,27,1,2530,42269,117,88,0.59,7,1
CUST2082,36,7,4886,81674,43,25,0.5,5,1
CUST2083,29,17,2102,43462,20,47,0.65,7,0
CUST2084,38,10,4213,4127,148,55,0.97,7,1
CUST2085,33,11,4870,24147,21,64,0.06,7,0
CUST2086,37,9,2259,46528,82,83,0.57,9,1
CUST2087,27,9,340,78095,57,93,0.86,6,0
CUST2088,33,5,1989,69931,178,10,0.48,6,1
CUST2089,4,17,3826,91925,74,56,0.08,9,1
CUST2090,22,9,216,67381,98,12,0.56,3,1
CUST2091,2,17,4548,64749,154,33,0.33,8,1
CUST2092,10,19,664,39672,158,71,0.15,1,0
CUST2093,5,7,4671,14731,110,17,0.85,8,1
CUST2094,10,9,2027,55512,115,61,0.52,9,1
CUST2095,33,7,3228,99658,159,10,0.93,2,1
CUST2096,38,13,719,52024,42,31,0.81,1,0
CUST2097,13,11,289,4832,68,60,0.69,3,0
CUST2098,31,14,3051,33332,70,70,0.01,4,0
CUST2099,47,19,3043,13467,78,17,0.43,1,0
CUST2100,36,11,4925,42025,90,50,0.2,0,0
CUST2101,45,13,2084,14107,111,37,0.91,9,1
CUST2102,24,14,4371,78994,112,82,0.17,4,0
CUST2103,15,13,1125,95202,103,62,0.29,8,1
CUST2104,29,1,3934,44481,145,90,0.52,4,1
CUST2105,8,8,1169,3581,19,80,0.26,9,1
CUST2106,5,12,1294,76118,179,72,0.21,8,1
CUST2107,29,19,3395,52638,70,88,0.6,9,0
CUST2108,47,12,1604,9418,63,77,0.09,5,1
CUST2109,4,8,3564,94627,75,29,0.06,2,0
CUST2110,12,8,4490,30113,158,32,0.37,3,1
CUST2111,45,13,4182,85363,153,88,0.72,3,1
CUST2112,2,12,4523,64044,104,80,0.55,0,0
CUST2113,27,16,4213,80955,75,11,0.42,2,0
CUST2114,31,1,4756,62030,128,96,0.57,2,1
CUST2115,36,13,4913,12814,154,6,0.37,0,1
CUST2116,36,7,3292,11024,56,35,0.94,8,1
CUST2117,26,5,4359,64288,22,33,0.05,0,0
CUST2118,43,8,2274,58836,89,18,0.67,8,1
CUST2119,27,14,484,8435,19,37,0.89,0,0
CUST2120,5,13,1387,68084,159,13,0.8,1,1
CUST2121,20,15,4169,71601,26,74,0.18,1,0
CUST2122,11,17,3165,89416,170,90,0.3,5,1
CUST2123,10,15,4519,4407,169,81,0.72,6,1
CUST2124,40,18,983,99943,23,64,0.08,0,0
CUST2125,38,18,1149,33940,47,1,0.81,2,0
CUST2126,6,2,4139,6666,13,63,0.72,1,0
CUST2127,8,4,244,38122,66,89,0.73,7,1
CUST2128,23,1,2010,26092,144,34,0.1,8,1
CUST2129,47,4,4766,76645,73,10,0.72,1,1
CUST2130,26,18,2281,27505,156,84,0.68,1,0
CUST2131,46,5,3698,37713,77,7,0.83,9,1
CUST2132,43,19,1029,55387,163,56,0.04,8,1
CUST2133,12,15,2109,44169,169,80,0.02,3,1
CUST2134,26,8,2781,74282,31,37,0.37,4,0
CUST2135,13,17,891,78511,85,29,0.15,8,1
CUST2136,40,1,4219,52742,160,12,0.56,5,1
CUST2137,18,12,1131,41522,59,17,0.92,9,1
CUST2138,25,19,3606,82132,41,48,0.39,8,0
CUST2139,33,15,347,4880,112,84,0.84,8,1
CUST2140,47,9,1232,44454,96,26,0.0,6,1
CUST2141,40,7,1511,56711,168,83,0.17,9,1
CUST2142,43,2,587,44539,122,12,0.03,8,1
CUST2143,12,9,3321,69321,156,21,0.33,4,1
CUST2144,44,10,2073,88985,165,42,0.91,4,1
CUST2145,36,2,3788,15799,105,61,0.1,7,1
CUST2146,4,19,1115,61102,74,58,0.61,9,1
CUST2147,5,11,2078,51726,132,54,0.45,3,1
CUST2148,37,13,3948,49784,99,34,0.94,8,1
CUST2149,8,10,477,44333,126,7,0.12,6,1
CUST2150,42,14,2177,41828,138,35,0.21,6,1
CUST2151,28,18,2059,70526,175,15,0.03,2,1
CUST2152,31,19,3236,55362,75,65,0.43,3,0
CUST2153,9,9,3571,54997,14,90,0.28,6,0
CUST2154,29,7,4913,51341,38,99,0.87,4,0
CUST2155,14,3,2382,20073,140,25,0.6,2,1
CUST2156,40,6,4875,15549,45,59,0.61,0,0
CUST2157,41,2,1370,84795,145,79,0.53,6,1
CUST2158,22,6,689,57920,163,86,0.09,5,1
CUST2159,11,3,2725,86326,75,6,0.45,9,1
CUST2160,23,16,1382,76515,169,52,1.0,6,1
CUST2161,1,8,4679,21316,29,79,0.84,1,0
CUST2162,46,2,4458,27183,18,88,0.89,3,0
CUST2163,37,17,2688,94860,20,21,0.82,1,0
CUST2164,21,9,2076,25624,14,71,0.1,7,1
CUST2165,26,12,2662,63515,162,93,0.23,6,1
CUST2166,46,3,1830,86781,177,96,0.0,0,1
CUST2167,36,11,487,47705,54,32,0.3,1,0
CUST2168,23,1,4482,90326,31,53,0.11,1,0
CUST2169,1,13,2107,27756,58,59,0.47,3,0
CUST2170,40,15,1361,61390,104,69,0.68,2,0
CUST2171,15,5,329,69369,170,62,0.87,0,1
CUST2172,21,17,2563,71821,128,4,0.75,1,0
CUST2173,47,6,343,10589,158,86,0.94,8,1
CUST2174,9,11,215,15116,25,18,0.05,0,0
CUST2175,9,18,444,74181,19,99,0.01,8,0
CUST2176,10,4,1126,45786,136,81,0.66,6,1
CUST2177,26,3,3378,95686,3,56,0.29,1,0
CUST2178,41,13,2376,77425,86,24,0.25,1,0
CUST2179,35,9,1086,31286,145,66,0.33,4,1
CUST2180,25,6,540,16994,142,13,0.27,4,1
CUST2181,26,12,2251,91198,9,62,0.51,3,0
CUST2182,11,2,3598,27639,94,54,0.44,9,1
CUST2183,38,3,4150,18205,149,15,0.51,9,1
CUST2184,2,3,505,57677,165,69,0.67,2,1
CUST2185,7,12,1107,33930,139,3,0.39,3,1
CUST2186,18,15,2854,74313,20,37,0.25,9,0
CUST2187,27,9,3992,94851,35,37,0.17,3,0
CUST2188,34,8,4242,93509,53,3,0.35,1,0
CUST2189,27,11,1571,19316,175,63,0.74,4,1
CUST2190,17,16,520,28304,110,35,0.76,4,1
CUST2191,43,4,4854,97058,136,52,0.67,4,1
CUST2192,44,1,4259,88876,4,87,0.23,9,1
CUST2193,24,7,1331,86366,155,28,0.59,0,1
CUST2194,25,2,2778,14403,172,94,0.57,5,1
CUST2195,7,5,4242,81052,168,18,0.48,1,1
CUST2196,6,7,3567,85627,102,36,0.55,6,1
CUST2197,24,4,1017,74495,47,33,0.49,3,1
CUST2198,33,5,211,32932,94,64,0.57,4,1
CUST2199,29,1,394,97090,172,26,0.72,4,1
CUST2200,43,1,2737,37701,48,48,0.11,4,1
CUST2201,22,15,3042,4385,91,40,0.75,1,0
CUST2202,26,19,2429,58241,84,17,0.14,4,0
CUST2203,28,10,3209,11367,68,40,0.07,2,0
CUST2204,21,18,4951,66030,139,7,0.98,3,1
CUST2205,7,3,2277,47505,125,57,0.96,1,1
CUST2206,17,11,4067,34332,73,8,0.06,3,1
CUST2207,20,15,643,86178,4,56,0.44,8,0
CUST2208,41,11,497,77325,76,31,0.19,7,1
CUST2209,20,17,1044,36268,73,59,0.49,2,0
CUST2210,22,17,1215,87486,77,58,0.83,0,0
CUST2211,28,6,1584,26563,48,12,0.95,0,0
CUST2212,40,5,1597,37404,154,48,0.63,5,1
CUST2213,7,8,753,56182,102,31,0.35,2,1
CUST2214,1,2,2550,33991,106,83,0.6,3,1
CUST2215,32,16,4716,48663,77,63,0.31,0,0
CUST2216,13,12,1469,66886,39,74,0.91,7,0
CUST2217,30,6,1460,84848,58,39,0.87,0,0
CUST2218,23,1,384,25127,19,76,0.56,4,1
CUST2219,19,4,4763,58692,88,20,0.32,5,1
CUST2220,32,17,2610,95389,113,48,0.29,1,0
CUST2221,30,13,4631,38500,77,71,0.03,6,1
CUST2222,29,18,2409,34785,77,54,0.82,6,0
CUST2223,45,5,3872,85146,28,78,0.45,0,0
CUST2224,29,3,4883,90126,66,75,0.33,3,1
CUST2225,30,11,2081,95979,10,71,0.47,3,0
CUST2226,16,13,4496,48997,126,29,0.82,4,1
CUST2227,40,4,721,8170,58,74,0.12,0,0
CUST2228,19,14,2087,14303,142,93,0.86,0,0
CUST2229,18,11,2752,72743,125,73,0.9,6,1
CUST2230,1,10,4009,78852,112,48,0.95,8,1
CUST2231,14,19,4355,36187,84,74,0.4,0,0
CUST2232,47,18,4873,66034,143,83,0.22,1,0
CUST2233,2,6,4616,72776,96,56,0.37,5,1
CUST2234,28,15,3679,2893,33,95,0.33,5,0
CUST2235,30,10,1609,14753,145,17,0.18,1,1
CUST2236,38,5,1894,39090,152,9,0.61,8,1
CUST2237,4,5,4864,65922,158,97,0.48,3,1
CUST2238,1,10,726,77768,141,34,0.87,6,1
CUST2239,8,5,2860,60412,47,45,0.03,5,1
CUST2240,29,3,2372,57030,112,88,0.64,2,1
CUST2241,39,6,479,18509,144,9,0.76,7,1
CUST2242,3,4,3164,69653,43,7,0.76,6,1
CUST2243,32,18,4177,37929,8,16,0.89,8,0
CUST2244,10,9,2869,49291,3,19,0.73,2,0
CUST2245,10,17,3093,5042,125,6,0.93,0,0
CUST2246,19,13,1951,63574,12,11,0.33,1,0
CUST2247,46,15,4181,38201,84,76,0.5,0,0
CUST2248,34,17,4969,93282,16,61,0.01,4,0
CUST2249,33,13,2561,15016,78,42,0.01,9,1
CUST2250,23,16,4627,26022,59,13,0.24,1,0
CUST2251,28,4,4331,28938,177,12,0.1,2,1
CUST2252,32,5,1908,44678,63,85,0.26,7,1
CUST2253,7,5,2886,62720,49,74,0.18,9,1
CUST2254,29,9,3095,57805,51,20,0.03,4,1
CUST2255,8,17,4735,75323,33,50,0.91,3,0
CUST2256,1,13,2976,2986,30,36,0.01,4,0
CUST2257,3,2,1319,77478,76,92,0.74,9,1
CUST2258,24,13,3188,83994,15,88,0.15,5,0
CUST2259,23,19,4459,13161,82,69,0.91,6,0
CUST2260,8,3,4443,21689,92,37,0.89,8,1
CUST2261,47,10,394,95699,23,12,0.65,0,0
CUST2262,37,2,862,61924,94,99,0.67,3,1
CUST2263,3,13,679,75308,45,40,0.01,8,1
CUST2264,33,19,4418,64745,62,54,0.98,4,0
CUST2265,28,17,1623,2211,15,2,0.88,7,0
CUST2266,47,14,2908,1229,46,50,0.9,0,0
CUST2267,8,12,3375,49542,64,41,0.66,3,0
CUST2268,34,12,4014,15345,174,45,0.34,8,1
CUST2269,35,11,2214,32819,172,9,0.89,0,1
CUST2270,32,7,3989,48779,75,62,0.29,0,0
CUST2271,24,4,2643,83421,157,86,0.56,3,1
CUST2272,14,19,1111,93244,52,47,0.1,2,0
CUST2273,32,1,3413,66584,88,5,0.92,6,1
CUST2274,46,3,2564,20950,57,76,0.14,2,1
CUST2275,43,13,3829,16173,83,1,0.22,0,0
CUST2276,16,15,3672,59032,66,44,0.56,9,1
CUST2277,4,2,880,29036,150,22,0.76,1,1
CUST2278,37,11,4851,72356,20,38,0.62,9,1
CUST2279,21,4,809,15292,33,19,0.23,3,1
CUST2280,14,19,2356,4052,72,80,0.0,0,0
CUST2281,31,17,4066,45377,25,31,0.76,0,0
CUST2282,18,3,571,90317,46,67,0.99,7,1
CUST2283,7,18,815,68838,73,87,0.81,6,0
CUST2284,10,8,2453,68819,98,42,0.46,7,1
CUST2285,7,19,4338,16620,57,82,0.9,3,0
CUST2286,33,5,1064,31461,87,26,0.41,5,1
CUST2287,23,7,1468,21750,133,13,0.52,2,1
CUST2288,21,8,984,99426,55,58,0.48,7,1
CUST2289,19,5,4771,89719,61,18,0.45,3,1
CUST2290,19,17,4378,10472,89,67,0.78,2,0
CUST2291,36,5,2437,70263,8,87,0.53,3,0
CUST2292,29,4,4254,58602,16,3,0.32,5,1
CUST2293,18,19,1135,26523,176,55,0.26,6,1
CUST2294,2,2,4180,31766,116,89,0.04,6,1
CUST2295,1,11,2538,67060,61,91,0.58,3,0
CUST2296,47,13,525,10079,15,58,0.23,7,0
CUST2297,5,15,1734,9399,150,63,0.15,6,1
CUST2298,20,12,3680,61726,131,91,0.65,1,0
CUST2299,11,11,4061,93906,102,52,0.68,7,1
CUST2300,42,7,2185,17532,54,89,0.75,8,1
CUST2301,2,5,4803,83357,14,24,0.5,4,0
CUST2302,3,17,2978,44162,36,72,0.89,3,0
CUST2303,23,9,1470,4749,105,9,0.94,3,1
CUST2304,12,14,840,12353,82,37,0.81,3,0
CUST2305,20,12,4903,29477,67,94,0.64,5,0
CUST2306,5,6,4278,25570,10,83,0.3,3,0
CUST2307,37,17,4861,87373,49,53,0.98,6,0
CUST2308,38,19,1567,12437,111,80,0.27,6,1
CUST2309,30,19,4242,39104,65,24,0.2,4,0
CUST2310,9,16,2775,64370,57,21,0.44,4,0
CUST2311,34,12,3803,5551,27,40,0.06,9,1
CUST2312,44,12,1781,69359,113,62,0.98,7,1
CUST2313,35,6,2186,55880,133,70,0.59,6,1
CUST2314,22,4,2440,13916,71,69,0.56,6,1
CUST2315,44,6,4166,81703,83,14,0.66,5,1
CUST2316,24,11,2305,42445,57,42,0.5,6,1
CUST2317,17,1,328,48636,120,50,0.03,6,1
CUST2318,10,15,4196,74927,93,61,0.61,9,1
CUST2319,30,11,1051,79194,15,4,0.72,1,0
CUST2320,46,19,4303,30685,111,72,0.42,9,1
CUST2321,23,18,2276,52134,101,88,0.76,1,0
CUST2322,32,17,3194,89916,119,75,0.23,9,1
CUST2323,17,19,3944,95455,76,17,0.22,6,0
CUST2324,17,14,2956,68847,158,85,0.16,9,1
CUST2325,14,18,1844,40993,20,57,0.37,6,0
CUST2326,9,19,4571,45333,165,90,0.85,6,1
CUST2327,40,15,3344,59865,131,48,0.83,4,1
CUST2328,2,15,442,80096,73,44,0.38,0,0
CUST2329,45,4,4285,50756,122,45,0.59,1,1
CUST2330,25,7,370,62192,41,91,0.72,8,1
CUST2331,39,13,852,61686,167,80,0.24,7,1
CUST2332,9,3,3712,49733,154,90,0.17,7,1
CUST2333,22,16,1699,26993,130,33,0.97,9,1
CUST2334,43,9,2299,31492,23,31,0.62,0,0
CUST2335,46,8,2358,21981,23,47,0.98,5,1
CUST2336,4,13,2172,25143,144,6,0.34,8,1
CUST2337,26,17,4125,78603,9,72,0.7,7,0
CUST2338,29,17,2458,90452,13,71,0.22,2,0
CUST2339,45,17,4239,61277,156,34,0.26,3,1
CUST2340,34,1,2235,50990,155,53,0.51,2,1
CUST2341,23,8,3471,63888,51,14,0.32,5,1
CUST2342,37,19,1057,70351,64,16,0.17,8,0
CUST2343,11,6,4023,98372,52,43,0.26,7,1
CUST2344,6,3,1249,50999,38,73,0.04,9,1
CUST2345,18,5,4190,71309,100,74,0.7,3,1
CUST2346,21,13,498,13446,146,81,0.49,1,1
CUST2347,42,15,1123,31733,51,12,0.09,7,1
CUST2348,36,14,4432,77000,137,70,0.17,7,1
CUST2349,41,16,4506,49632,141,19,0.1,5,1
CUST2350,38,18,2999,22576,168,41,0.61,7,1
CUST2351,34,11,4262,4320,55,53,0.09,8,1
CUST2352,17,3,4245,11750,109,29,0.75,0,1
CUST2353,37,10,2002,54463,171,70,0.02,8,1
CUST2354,25,10,2913,27572,44,59,0.25,1,0
CUST2355,38,16,4706,18948,110,89,0.89,0,0
CUST2356,12,12,3053,39826,161,64,0.72,7,1
CUST2357,23,2,2857,90051,152,24,0.07,7,1
CUST2358,42,9,4722,28867,164,89,0.82,3,1
CUST2359,22,3,3546,61231,128,16,0.49,7,1
CUST2360,21,15,1671,67262,105,52,0.85,6,1
CUST2361,27,3,3149,92356,10,80,0.6,1,0
CUST2362,31,19,1141,73233,100,6,0.68,4,0
CUST2363,6,18,2107,45678,148,37,0.99,9,1
CUST2364,27,8,1443,13963,109,85,0.23,3,1
CUST2365,40,17,4623,65360,108,4,0.62,2,0
CUST2366,34,8,1666,50434,140,98,0.46,0,1
CUST2367,12,7,4157,67617,146,92,0.04,4,1
CUST2368,45,7,2166,21269,94,38,0.01,9,1
CUST2369,7,3,575,77312,63,41,0.12,7,1
CUST2370,10,1,462,98352,84,92,0.65,8,1
CUST2371,45,4,4562,80732,25,81,0.57,6,1
CUST2372,17,5,3588,82494,12,14,0.55,0,0
CUST2373,26,1,3595,89905,149,71,0.03,0,1
CUST2374,21,15,2144,78225,25,86,0.47,0,0
CUST2375,28,5,2093,83867,11,51,0.92,1,0
CUST2376,46,13,3834,38528,64,65,0.4,0,0
CUST2377,2,8,1852,79972,126,93,0.62,3,1
CUST2378,43,8,4341,66602,50,52,0.78,9,1
CUST2379,1,5,4092,97261,89,95,0.78,8,1
CUST2380,36,9,799,91748,99,30,0.52,3,1
CUST2381,26,1,2112,34332,116,57,0.86,3,1
CUST2382,29,4,1492,91937,96,79,0.39,6,1
CUST2383,21,3,800,79929,177,82,0.89,8,1
CUST2384,11,2,580,70206,14,99,0.24,6,1
CUST2385,40,8,4413,92137,1,30,0.28,0,0
CUST2386,11,9,3837,3251,25,98,0.05,0,0
CUST2387,36,2,2363,46717,72,42,0.8,3,1
CUST2388,39,14,4555,28027,69,11,0.42,3,0
CUST2389,40,14,1298,98382,133,27,0.23,0,0
CUST2390,35,4,565,87551,105,24,0.23,5,1
CUST2391,34,6,2770,10583,147,99,0.9,9,1
CUST2392,47,11,3619,51387,23,39,0.83,1,0
CUST2393,24,3,2676,24104,9,72,0.55,4,0
CUST2394,22,8,990,13224,118,18,0.62,7,1
CUST2395,5,3,3769,61624,94,77,0.47,2,1
CUST2396,33,14,946,57058,178,45,0.39,8,1
CUST2397,36,13,512,97372,144,88,0.92,6,1
CUST2398,47,13,4833,30299,33,87,0.13,8,0
CUST2399,20,2,1120,79572,130,12,0.42,0,1
CUST2400,19,13,1277,86469,14,49,0.34,4,0
CUST2401,35,19,3029,78928,1,94,0.5,2,0
CUST2402,43,6,2581,74474,90,31,0.46,3,1
CUST2403,17,16,3818,5141,89,92,0.52,3,0
CUST2404,45,2,997,24350,144,22,0.14,6,1
CUST2405,43,8,4643,76082,90,44,0.51,9,1
CUST2406,34,17,472,71871,175,92,0.24,7,1
CUST2407,9,2,3210,6077,172,64,0.18,9,1
CUST2408,26,10,1973,47015,14,77,0.06,4,0
CUST2409,2,16,2747,72147,152,25,0.76,9,1
CUST2410,9,6,3364,60180,111,51,0.43,6,1
CUST2411,9,2,4980,41857,143,7,0.63,2,1
CUST2412,40,2,4917,60840,83,6,0.73,2,1
CUST2413,17,13,1146,60902,72,24,0.68,2,0
CUST2414,1,15,2865,6577,162,19,0.47,3,1
CUST2415,25,2,706,21002,130,83,0.39,5,1
CUST2416,43,7,443,51711,27,9,0.38,4,1
CUST2417,40,3,705,40451,74,36,0.64,7,1
CUST2418,42,8,4717,50103,99,40,0.49,4,1
CUST2419,25,14,3358,29647,72,93,0.85,4,0
CUST2420,39,7,3790,35831,23,24,0.87,9,1
CUST2421,35,7,2072,97498,68,48,0.17,1,0
CUST2422,3,1,3993,96119,142,63,0.14,4,1
CUST2423,37,17,1392,67830,117,69,0.63,6,1
CUST2424,44,9,4625,81632,106,53,0.3,1,0
CUST2425,44,13,4945,37833,93,54,0.02,5,1
CUST2426,30,19,1664,93864,65,42,0.89,6,0
CUST2427,38,19,590,25398,68,45,0.23,4,0
CUST2428,34,17,4676,62554,128,90,0.93,8,1
CUST2429,12,10,3577,51755,63,14,0.72,3,1
CUST2430,19,10,872,18706,113,29,0.76,9,1
CUST2431,37,4,2760,23340,90,6,0.2,0,1
CUST2432,44,8,1411,65994,81,7,0.23,7,1
CUST2433,17,18,1129,64884,103,37,0.52,7,1
CUST2434,10,14,1739,85361,160,53,0.17,6,1
CUST2435,47,18,1112,18482,116,18,0.31,7,1
CUST2436,12,14,843,55225,13,87,0.32,1,0
CUST2437,16,15,4722,59849,124,38,0.16,2,0
CUST2438,24,4,701,75854,147,59,0.21,8,1
CUST2439,19,13,929,42256,152,1,0.79,0,1
CUST2440,8,8,1483,82110,88,68,0.17,7,1
CUST2441,31,18,2318,15650,11,44,0.03,7,0
CUST2442,21,12,4752,47118,15,47,0.63,6,0
CUST2443,17,14,4586,29930,10,35,0.98,4,0
CUST2444,23,2,4036,86707,41,87,0.33,3,0
CUST2445,37,18,1119,12801,155,91,0.12,9,1
CUST2446,16,2,4250,52360,73,60,0.57,9,1
CUST2447,6,11,2539,88908,52,90,0.91,9,1
CUST2448,8,9,955,17559,128,52,0.78,9,1
CUST2449,25,12,2069,33334,28,8,0.62,5,0
CUST2450,18,17,4672,14288,65,80,0.32,0,0
CUST2451,25,15,707,23398,17,41,0.54,4,0
CUST2452,12,17,1636,77230,95,3,0.09,3,0
CUST2453,15,18,2775,13191,172,96,0.68,3,1
CUST2454,26,6,3626,19051,138,69,0.73,6,1
CUST2455,41,17,758,62715,63,84,0.97,8,0
CUST2456,45,18,3302,11737,175,14,0.26,7,1
CUST2457,26,8,4716,66140,38,96,0.02,7,1
CUST2458,47,9,3822,26251,70,26,0.55,4,1
CUST2459,32,6,4599,51975,104,70,0.71,5,1
CUST2460,10,5,4257,6147,53,58,0.79,1,0
CUST2461,16,12,3915,51508,172,40,0.19,2,1
CUST2462,7,11,1501,53224,119,51,0.26,4,1
CUST2463,17,1,2355,20643,74,5,0.51,1,1
CUST2464,23,11,892,39967,54,77,0.33,2,0
CUST2465,26,19,4550,99850,20,32,0.86,3,0
CUST2466,21,9,1678,41733,79,80,0.47,5,1
CUST2467,22,2,456,85003,31,1,0.8,4,1
CUST2468,7,12,2630,35808,135,77,0.58,9,1
CUST2469,14,4,641,68288,58,54,0.77,3,1
CUST2470,15,4,2081,59959,105,11,0.33,1,1
CUST2471,7,18,2846,2849,10,53,0.83,4,0
CUST2472,9,15,4020,69178,10,8,0.27,4,0
CUST2473,8,19,4877,68136,39,25,0.55,6,0
CUST2474,23,13,1935,61740,156,40,0.21,0,1
CUST2475,29,19,3935,87322,158,32,0.48,3,1
CUST2476,18,17,2845,45565,37,88,0.32,4,0
CUST2477,31,6,218,21183,119,28,0.27,7,1
CUST2478,30,16,1324,2132,67,78,0.97,7,1
CUST2479,39,12,4185,39259,43,3,0.16,0,0
CUST2480,35,19,2854,97612,52,91,0.79,4,0
CUST2481,18,5,2280,64668,101,84,0.98,9,1
CUST2482,42,17,1747,39563,56,79,0.02,0,0
CUST2483,39,1,1061,93227,76,62,0.7,0,0
CUST2484,17,10,354,11931,68,27,0.25,1,0
CUST2485,14,15,3694,74169,137,45,0.04,1,0
CUST2486,31,11,1104,51639,106,92,0.4,8,1
CUST2487,24,13,1469,59901,125,25,0.94,3,1
CUST2488,35,5,604,2044,92,61,0.01,2,1
CUST2489,44,1,1043,47691,23,44,0.59,0,0
CUST2490,45,12,1982,25363,109,97,0.5,1,0
CUST2491,34,11,1764,47694,61,46,0.87,5,1
CUST2492,3,17,1384,2582,168,14,0.08,8,1
CUST2493,37,4,946,80910,44,8,0.68,4,1
CUST2494,43,15,1925,67844,152,48,0.68,3,1
CUST2495,40,9,3388,22301,179,14,0.67,4,1
CUST2496,26,19,470,75329,161,65,0.94,8,1
CUST2497,23,19,4156,2620,16,80,0.82,6,0
CUST2498,44,12,371,63224,22,82,0.04,7,0
CUST2499,39,5,473,57655,57,7,0.47,3,1
CUST2500,15,10,2506,96419,62,79,0.4,7,1
CUST2501,4,17,1358,38534,107,88,0.31,5,0
CUST2502,29,5,1906,40390,71,49,0.45,4,1
CUST2503,22,16,1971,72629,90,55,0.38,6,0
CUST2504,25,7,621,56856,72,13,0.43,5,1
CUST2505,13,9,1409,50252,70,73,0.98,2,0
CUST2506,18,3,4875,56809,30,56,0.09,4,1
CUST2507,33,15,1090,23259,103,56,0.92,8,1
CUST2508,16,16,3467,21655,151,15,0.48,6,1
CUST2509,45,18,1673,34005,32,57,0.62,3,0
CUST2510,42,14,3443,32629,86,58,0.83,6,1
CUST2511,44,3,4678,24610,57,35,0.36,4,1
CUST2512,2,12,2381,58184,109,88,0.43,1,0
CUST2513,35,9,1649,22602,9,97,0.41,5,0
CUST2514,42,7,3296,86945,31,16,0.37,6,1
CUST2515,34,9,3456,12110,71,8,0.93,7,1
CUST2516,30,13,3356,7073,137,93,0.83,5,1
CUST2517,13,18,1790,81818,13,87,0.11,7,0
CUST2518,13,5,4439,11195,131,45,0.11,6,1
CUST2519,18,13,4181,2537,35,95,0.43,1,0
CUST2520,32,4,1635,18138,21,40,0.1,5,1
CUST2521,32,2,423,45328,64,54,0.62,8,1
CUST2522,35,16,419,47202,95,14,0.14,5,1
CUST2523,39,9,4474,41164,34,59,0.52,3,0
CUST2524,46,9,1854,90743,121,94,0.01,6,1
CUST2525,29,6,4728,55659,163,53,0.32,2,1
CUST2526,29,11,464,87155,15,27,0.68,4,0
CUST2527,44,1,1153,50692,120,47,0.48,0,1
CUST2528,16,4,4724,25845,96,80,0.98,9,1
CUST2529,44,13,3933,90846,6,6,0.87,2,0
CUST2530,47,13,2974,31562,109,55,0.36,7,1
CUST2531,10,13,3324,29036,97,97,0.05,8,1
CUST2532,30,2,679,61752,32,44,0.85,8,1
CUST2533,25,9,3714,75233,83,18,0.91,9,1
CUST2534,39,8,1553,84049,156,16,0.82,1,1
CUST2535,20,7,3522,69681,118,12,0.13,3,1
CUST2536,5,4,4078,28818,79,20,1.0,4,1
CUST2537,1,18,1089,31544,78,45,0.26,2,0
CUST2538,30,3,4054,63532,147,64,0.72,0,1
CUST2539,3,6,1124,79636,107,59,0.91,5,1
CUST2540,45,12,2370,58705,126,93,0.24,9,1
CUST2541,14,12,2102,21104,15,94,0.91,1,0
CUST2542,30,8,2595,70603,134,90,0.31,8,1
CUST2543,4,1,228,60025,73,22,0.98,0,1
CUST2544,18,4,234,97264,101,97,0.28,8,1
CUST2545,37,11,3789,33317,98,47,0.95,6,1
CUST2546,25,3,2870,32416,166,29,0.05,9,1
CUST2547,1,13,3565,43012,26,86,0.71,1,0
CUST2548,46,17,788,69045,92,45,0.53,5,0
CUST2549,15,10,3418,22400,125,77,0.48,7,1
CUST2550,9,12,3338,49270,179,9,0.22,1,1
CUST2551,15,15,1103,73069,73,24,0.71,4,0
CUST2552,24,10,4286,50833,123,15,0.19,5,1
CUST2553,4,14,2369,64644,53,36,0.55,2,0
CUST2554,12,13,539,81206,78,13,0.25,1,0
CUST2555,37,5,4470,70468,92,91,0.96,5,1
CUST2556,37,6,1914,60473,88,44,0.03,2,1
CUST2557,43,2,4892,46809,13,71,0.2,1,0
CUST2558,6,17,4746,39328,43,72,0.24,0,0
CUST2559,39,4,756,37784,76,78,0.41,7,1
CUST2560,46,14,3287,24723,51,76,0.23,0,0
CUST2561,24,10,3466,61646,19,36,0.49,4,0
CUST2562,11,3,3767,67255,149,61,0.87,5,1
CUST2563,13,3,2256,1074,122,81,0.71,2,1
CUST2564,34,15,4099,27498,24,40,0.58,6,0
CUST2565,25,6,1216,66522,26,93,0.09,1,0
CUST2566,7,17,2262,97881,173,27,0.69,6,1
CUST2567,4,12,1038,21541,156,1,0.17,1,1
CUST2568,8,11,1837,46929,120,34,0.79,4,1
CUST2569,20,4,4521,27028,82,68,0.25,6,1
CUST2570,29,6,3696,30545,100,88,0.42,2,1
CUST2571,45,1,2013,80569,157,21,0.35,3,1
CUST2572,46,16,3679,32673,17,33,0.86,0,0
CUST2573,10,15,1651,31974,68,7,0.13,2,0
CUST2574,43,17,2513,59899,44,65,0.57,8,0
CUST2575,34,8,1714,24097,61,3,0.14,9,1
CUST2576,26,12,1431,94144,123,51,0.7,4,1
CUST2577,41,10,1845,65824,93,79,0.91,7,1
CUST2578,3,15,3199,24525,74,95,0.43,1,0
CUST2579,6,9,3640,58804,153,54,0.49,2,1
CUST2580,5,2,4256,16043,67,80,0.93,6,1
CUST2581,5,5,505,42846,111,74,0.52,9,1
CUST2582,47,6,3736,78261,2,93,0.49,3,0
CUST2583,23,7,1923,51227,89,59,0.58,8,1
CUST2584,9,1,1889,54028,177,6,0.69,6,1
CUST2585,35,7,1717,38383,26,29,0.11,0,0
CUST2586,20,12,4117,30483,99,17,0.82,3,1
CUST2587,42,16,619,8265,27,60,0.44,9,1
CUST2588,35,16,3136,23763,89,22,0.07,5,1
CUST2589,18,11,4062,76652,146,24,0.79,5,1
CUST2590,17,4,4429,16733,1,81,0.38,9,1
CUST2591,24,13,1650,92038,103,85,0.1,5,0
CUST2592,3,7,3296,38420,131,51,0.63,4,1
CUST2593,32,4,3461,10247,41,50,0.88,2,1
CUST2594,35,15,1364,24840,165,11,0.89,1,1
CUST2595,38,19,2069,66149,51,56,0.96,2,0
CUST2596,13,9,2019,22058,15,71,0.87,8,1
CUST2597,47,11,2905,35929,8,42,0.0,2,0
CUST2598,25,8,3715,85171,38,39,0.38,2,0
CUST2599,9,1,1542,92164,114,69,0.82,0,1
CUST2600,4,8,2426,32362,83,48,0.37,1,0
CUST2601,14,13,1279,87489,56,57,0.6,2,0
CUST2602,37,4,4406,85664,175,21,0.61,1,1
CUST2603,34,8,4763,48356,103,82,0.37,7,1
CUST2604,11,3,2979,78597,138,99,0.9,5,1
CUST2605,41,9,2728,7041,102,20,0.5,6,1
CUST2606,3,2,1013,79209,78,15,0.46,0,1
CUST2607,28,2,2231,62954,177,69,1.0,5,1
CUST2608,29,13,522,62869,169,77,0.49,1,1
CUST2609,9,15,3169,22059,83,51,0.18,5,1
CUST2610,3,12,1103,45722,30,76,0.51,2,0
CUST2611,25,4,1741,18548,5,62,0.81,6,1
CUST2612,34,8,3703,16078,119,85,0.78,2,1
CUST2613,12,9,2853,6419,31,37,0.79,8,1
CUST2614,42,5,2676,36490,23,6,0.71,2,0
CUST2615,9,18,3540,77086,48,71,0.25,6,0
CUST2616,15,11,4443,59760,109,26,0.86,3,1
CUST2617,40,15,1341,31337,40,8,0.89,7,1
CUST2618,25,9,1049,2468,6,73,0.19,1,0
CUST2619,5,17,566,25309,38,91,0.13,7,0
CUST2620,11,12,3097,67344,169,4,0.98,8,1
CUST2621,34,7,1289,91283,100,21,0.87,7,1
CUST2622,24,10,4241,73255,27,31,0.89,5,0
CUST2623,15,10,2238,82899,69,21,0.89,9,1
CUST2624,38,13,3060,29718,57,25,0.54,0,0
CUST2625,8,19,4470,95337,17,15,0.65,6,0
CUST2626,5,11,2054,38841,71,35,0.55,0,0
CUST2627,26,13,4883,74548,47,49,0.05,6,0
CUST2628,18,8,694,84565,79,43,0.75,1,0
CUST2629,6,8,3382,47660,110,41,0.51,7,1
CUST2630,37,4,1984,51281,13,37,0.65,1,0
CUST2631,13,15,3710,1767,139,57,0.5,2,1
CUST2632,28,11,3986,4895,124,42,0.49,2,1
CUST2633,5,11,4330,59026,109,47,0.17,0,0
CUST2634,13,1,1198,43968,90,92,0.28,4,1
CUST2635,17,17,4669,41097,86,61,0.16,4,0
CUST2636,40,15,1651,16332,92,14,0.2,9,1
CUST2637,45,6,1951,15621,24,68,0.97,4,0
CUST2638,32,15,2480,77870,73,53,0.15,8,1
CUST2639,29,9,4858,19174,4,84,0.27,5,0
CUST2640,3,14,3134,41502,113,34,0.59,5,1
CUST2641,40,18,3934,37674,46,76,0.61,2,0
CUST2642,34,17,3546,38260,18,97,0.15,4,0
CUST2643,40,18,2073,43498,43,24,0.79,9,1
CUST2644,27,5,4734,68609,161,20,0.79,6,1
CUST2645,13,9,4003,50464,93,69,0.24,2,0
CUST2646,45,11,2179,72805,103,30,0.29,1,0
CUST2647,33,1,898,65919,124,88,0.94,4,1
CUST2648,6,18,1512,55469,10,7,0.83,2,0
CUST2649,24,6,3162,18194,73,36,0.7,4,1
CUST2650,19,2,3138,27811,31,38,0.08,8,1
CUST2651,16,15,4987,73377,156,80,0.42,9,1
CUST2652,40,14,2500,44723,60,52,0.56,0,0
CUST2653,28,5,3397,76235,131,15,0.19,3,1
CUST2654,33,6,326,77298,118,46,0.45,9,1
CUST2655,41,6,1391,60238,14,23,0.6,4,0
CUST2656,13,18,2839,3147,143,12,0.33,1,1
CUST2657,43,14,4589,99919,2,93,0.78,1,0
CUST2658,45,10,4116,39445,24,44,0.84,0,0
CUST2659,25,14,1566,54803,64,15,0.32,7,1
CUST2660,42,13,1219,62108,100,93,0.84,1,0
CUST2661,36,3,4279,3013,114,49,0.1,2,1
CUST2662,27,6,4714,86617,24,21,0.84,1,0
CUST2663,38,8,4739,83410,155,15,0.15,3,1
CUST2664,7,12,884,54502,165,14,0.08,0,1
CUST2665,5,13,3829,38755,91,42,0.64,2,0
CUST2666,43,11,3087,9733,167,80,0.47,4,1
CUST2667,45,12,1662,10479,26,15,0.91,9,1
CUST2668,31,1,4286,76361,65,63,0.36,0,0
CUST2669,23,17,2461,22304,120,68,0.29,3,0
CUST2670,42,16,4380,36694,4,27,0.5,5,0
CUST2671,10,11,3041,82171,157,87,0.46,3,1
CUST2672,32,13,1967,87296,1,93,0.34,6,0
CUST2673,43,18,4380,10490,50,53,0.69,6,0
CUST2674,30,11,3760,22252,110,52,0.76,5,1
CUST2675,39,12,2312,7862,139,63,0.85,8,1
CUST2676,31,6,4958,70959,74,73,0.97,1,0
CUST2677,18,9,826,11450,62,53,0.27,9,1
CUST2678,36,16,4359,57022,81,57,0.72,7,1
CUST2679,2,4,3614,62991,164,52,0.39,7,1
CUST2680,14,3,1575,41927,56,43,0.68,9,1
CUST2681,13,16,1381,89090,111,7,0.48,3,0
CUST2682,29,12,690,50853,21,42,0.99,5,0
CUST2683,12,11,3929,32826,141,4,0.73,5,1
CUST2684,39,5,3734,43879,9,69,0.95,4,0
CUST2685,2,18,3496,58265,139,5,0.83,0,0
CUST2686,32,19,2140,73361,70,75,0.9,2,0
CUST2687,13,6,4608,78990,129,92,0.81,6,1
CUST2688,46,18,2082,90787,118,80,0.46,7,1
CUST2689,27,6,3187,87184,56,41,0.25,1,0
CUST2690,41,4,3359,41736,31,94,0.37,2,0
CUST2691,17,12,4975,25530,37,4,0.02,3,0
CUST2692,40,19,4730,79052,175,2,0.52,4,1
CUST2693,31,2,881,48058,91,67,0.51,2,1
CUST2694,34,17,1273,75094,114,21,0.53,4,0
CUST2695,24,11,2587,75255,128,70,0.97,7,1
CUST2696,45,11,2594,5886,175,43,0.91,7,1
CUST2697,35,16,2893,94721,122,82,0.16,1,0
CUST2698,6,2,1570,38387,69,69,0.37,5,1
CUST2699,19,2,4944,22575,36,9,0.42,3,1
CUST2700,30,8,4540,40643,32,84,0.36,8,1
CUST2701,7,13,2356,11100,64,28,0.8,9,1
CUST2702,10,10,2780,61356,170,26,0.52,1,1
CUST2703,41,8,4591,8856,48,82,0.57,7,1
CUST2704,32,4,2359,39169,81,83,0.85,0,0
CUST2705,34,15,3448,29804,158,3,0.81,5,1
CUST2706,28,1,3931,36790,149,73,0.13,9,1
CUST2707,15,11,4029,31988,60,95,0.71,0,0
CUST2708,30,7,1827,77448,141,49,0.44,1,1
CUST2709,37,17,3672,39506,1,17,0.29,2,0
CUST2710,29,18,227,88904,65,63,0.05,8,0
CUST2711,22,12,2185,68306,33,55,0.49,4,0
CUST2712,4,9,4353,13305,38,23,0.36,9,1
CUST2713,20,5,1721,10969,25,34,0.25,9,1
CUST2714,32,10,496,13404,154,69,0.69,1,1
CUST2715,36,4,2381,9989,59,15,0.77,9,1
CUST2716,4,5,3602,66305,161,47,0.24,4,1
CUST2717,27,10,2496,36983,101,3,0.05,4,1
CUST2718,17,11,2797,40462,127,83,0.85,0,0
CUST2719,12,10,1101,20360,41,28,0.01,2,0
CUST2720,22,8,1298,86657,158,3,0.94,4,1
CUST2721,17,2,1877,27287,57,4,0.63,8,1
CUST2722,10,8,3081,66472,177,88,0.32,9,1
CUST2723,1,16,1578,62313,48,31,0.25,0,0
CUST2724,22,5,1448,35160,72,45,0.01,7,1
CUST2725,26,3,3935,7789,177,59,0.24,0,1
CUST2726,18,12,4441,28181,175,45,0.14,8,1
CUST2727,14,13,1464,15385,56,75,0.61,5,0
CUST2728,47,13,2107,83597,65,37,0.17,0,0
CUST2729,29,10,1258,66641,12,65,0.53,7,0
CUST2730,12,4,2949,45247,69,9,0.59,4,1
CUST2731,36,9,2248,87673,134,17,0.3,6,1
CUST2732,35,2,4448,6544,89,65,0.04,6,1
CUST2733,12,19,2676,14275,25,3,0.04,6,0
CUST2734,7,1,4216,64248,1,26,0.03,5,1
CUST2735,29,7,4803,35550,160,53,0.74,7,1
CUST2736,11,17,3397,54693,131,31,0.32,8,1
CUST2737,33,3,4786,20641,49,26,0.8,1,1
CUST2738,6,3,3753,72749,147,23,0.43,6,1
CUST2739,47,3,4640,81021,60,30,0.45,1,0
CUST2740,15,17,1961,16605,157,10,0.51,5,1
CUST2741,32,7,420,51713,178,72,0.71,1,1
CUST2742,11,14,4823,21390,2,89,0.27,9,0
CUST2743,23,17,3088,76403,73,64,0.12,5,0
CUST2744,26,18,1864,59466,145,22,0.56,1,0
CUST2745,34,13,4186,4981,110,15,0.33,0,1
CUST2746,46,18,4776,10493,164,56,0.44,6,1
CUST2747,34,4,3177,72218,61,74,0.65,2,0
CUST2748,29,1,2071,72318,17,20,0.49,3,1
CUST2749,4,18,1662,96335,49,47,0.62,5,0
CUST2750,17,1,544,17984,76,87,0.54,4,1
CUST2751,35,13,244,23760,148,53,0.74,3,1
CUST2752,13,10,2268,92529,178,53,0.71,8,1
CUST2753,41,11,1714,2524,131,1,0.53,5,1
CUST2754,39,9,2798,50402,43,2,0.68,5,1
CUST2755,15,9,1201,92656,57,58,0.87,1,0
CUST2756,29,5,1233,66614,50,19,0.43,5,1
CUST2757,29,1,2240,36891,178,62,0.41,6,1
CUST2758,11,17,473,92009,37,78,0.76,7,0
CUST2759,32,2,2847,40832,46,72,0.58,7,1
CUST2760,2,13,1979,46836,170,12,0.07,8,1
CUST2761,47,9,4676,74953,15,26,0.89,9,1
CUST2762,14,4,678,14362,161,27,0.03,2,1
CUST2763,20,5,715,67745,80,29,0.75,9,1
CUST2764,22,11,4486,38921,139,15,0.76,6,1
CUST2765,11,19,1391,71434,148,46,0.95,6,1
CUST2766,27,3,2868,19562,24,1,0.05,0,0
CUST2767,3,12,1611,65510,125,60,0.6,7,1
CUST2768,17,19,3480,77407,118,92,0.43,3,0
CUST2769,44,19,471,8610,80,57,0.33,4,0
CUST2770,28,13,342,93918,94,3,0.09,5,1
CUST2771,29,7,3532,16791,65,18,0.56,2,1
CUST2772,21,15,987,59047,88,52,0.48,4,0
CUST2773,47,7,1881,68906,88,60,0.1,9,1
CUST2774,16,8,822,20665,145,34,0.61,4,1
CUST2775,37,5,4041,71246,126,96,0.74,0,1
CUST2776,20,14,3876,66864,89,93,0.77,2,0
CUST2777,6,4,2772,47451,61,89,0.91,2,0
CUST2778,19,10,3460,87148,15,60,0.41,0,0
CUST2779,5,15,4912,46890,94,26,0.95,6,1
CUST2780,3,18,266,7794,51,72,0.87,0,0
CUST2781,1,13,4486,33888,27,19,0.3,6,0
CUST2782,38,8,4816,7749,74,22,0.16,3,1
CUST2783,15,9,1340,47531,61,93,0.44,8,1
CUST2784,34,16,2514,21608,31,33,0.4,6,0
CUST2785,35,19,2732,81986,12,38,0.58,4,0
CUST2786,25,16,3780,70211,46,35,0.58,6,0
CUST2787,24,7,1387,84996,159,67,0.75,8,1
CUST2788,12,14,4671,57017,32,83,0.51,9,0
CUST2789,18,14,4948,58676,160,10,0.1,5,1
CUST2790,15,4,3539,12560,61,91,0.86,0,0
CUST2791,44,15,748,55401,46,15,0.31,5,0
CUST2792,16,3,4287,51468,85,11,0.97,0,1
CUST2793,27,5,272,33463,80,90,0.12,3,1
CUST2794,8,1,398,32663,135,24,0.96,7,1
CUST2795,46,3,3401,69706,4,77,0.09,4,0
CUST2796,25,15,1981,59773,52,96,0.23,4,0
CUST2797,17,8,771,34123,159,4,0.05,9,1
CUST2798,29,4,990,95346,112,13,0.71,7,1
CUST2799,8,2,1838,10718,36,73,0.85,7,1
CUST2800,15,10,2031,63637,54,57,0.43,0,0
CUST2801,27,4,2055,1028,119,98,0.93,4,1
CUST2802,46,3,1374,63370,127,37,0.59,4,1
CUST2803,7,2,3940,48599,17,48,0.63,7,1
CUST2804,3,17,3477,18397,75,71,0.85,0,0
CUST2805,29,13,378,46406,158,1,0.3,6,1
CUST2806,44,5,2444,48657,105,60,0.35,6,1
CUST2807,24,9,4286,68560,150,12,0.91,8,1
CUST2808,3,6,934,14503,117,21,0.9,1,1
CUST2809,20,5,998,55943,43,11,0.98,2,1
CUST2810,46,10,987,76839,112,44,0.9,3,1
CUST2811,15,8,2995,83674,115,58,0.13,0,0
CUST2812,25,7,4504,26345,27,44,0.82,6,1
CUST2813,30,7,4788,51390,37,78,0.41,9,1
CUST2814,14,6,3284,96041,46,98,0.99,2,0
CUST2815,7,3,3118,60557,113,34,0.47,2,1
CUST2816,17,19,931,66054,35,25,0.55,2,0
CUST2817,44,15,1329,2906,132,4,0.53,7,1
CUST2818,20,4,3646,41167,80,64,0.32,8,1
CUST2819,36,12,1805,8961,80,90,0.08,9,1
CUST2820,9,6,3978,27140,154,16,0.9,1,1
CUST2821,38,19,2945,59701,121,10,0.8,9,1
CUST2822,22,4,3370,78567,147,66,0.14,9,1
CUST2823,2,15,4889,81664,122,35,0.78,0,0
CUST2824,24,9,3133,82199,81,83,0.63,8,1
CUST2825,8,5,1415,82218,173,6,0.41,5,1
CUST2826,11,13,524,81729,154,19,0.25,8,1
CUST2827,13,18,2050,29561,150,59,0.86,5,1
CUST2828,17,5,1690,51568,119,53,0.7,1,1
CUST2829,8,16,1093,74302,58,8,0.55,0,0
CUST2830,21,19,1590,96380,63,78,0.61,7,0
CUST2831,18,14,3589,95968,156,10,0.09,2,1
CUST2832,30,16,4439,30504,172,67,0.47,0,1
CUST2833,18,15,4679,38146,100,38,0.19,7,1
CUST2834,46,4,2463,41297,171,29,0.21,0,1
CUST2835,47,7,3632,87394,165,15,0.66,7,1
CUST2836,31,16,2571,69607,66,87,0.91,0,0
CUST2837,38,8,3286,17939,145,23,0.4,8,1
CUST2838,32,17,4512,91467,168,82,0.21,8,1
CUST2839,11,16,1715,51715,166,46,0.65,8,1
CUST2840,45,10,3117,45460,85,83,0.87,2,0
CUST2841,25,10,2552,67576,137,28,0.75,3,1
CUST2842,33,2,1367,69222,144,26,0.87,4,1
CUST2843,38,9,310,13666,123,10,0.54,5,1
CUST2844,41,17,4527,63119,2,47,0.75,8,0
CUST2845,8,11,3855,36321,106,4,0.14,3,1
CUST2846,11,10,3993,2779,108,55,0.35,5,1
CUST2847,22,17,1955,14186,72,66,0.39,0,0
CUST2848,24,4,1777,17459,171,67,0.51,1,1
CUST2849,41,16,1496,87246,126,7,0.93,7,1
CUST2850,17,15,3974,88755,170,55,0.87,3,1
CUST2851,12,5,2420,6057,57,80,0.13,9,1
CUST2852,46,6,1172,61663,81,31,0.17,6,1
CUST2853,32,17,1230,19733,158,74,0.36,3,1
CUST2854,15,1,2793,20157,141,19,0.29,8,1
CUST2855,16,19,4192,36030,19,28,0.61,8,0
CUST2856,22,4,4813,20613,7,81,0.9,3,0
CUST2857,28,17,1113,84028,137,28,0.96,7,1
CUST2858,20,9,2381,87282,54,19,0.65,5,1
CUST2859,33,2,3397,6188,104,87,0.84,0,1
CUST2860,10,8,1662,30680,86,20,0.53,6,1
CUST2861,40,15,2578,61119,82,13,0.21,0,0
CUST2862,32,7,3654,75400,61,77,0.52,2,0
CUST2863,33,6,3753,56718,87,43,0.56,7,1
CUST2864,2,1,1507,37445,2,11,0.74,8,1
CUST2865,33,15,1389,6796,178,48,0.22,2,1
CUST2866,33,7,887,48218,31,15,0.37,0,0
CUST2867,41,17,4861,40131,33,17,0.36,0,0
CUST2868,13,2,1407,9123,80,54,0.96,6,1
CUST2869,30,9,2094,9222,11,50,0.44,4,0
CUST2870,33,9,2011,25074,161,28,0.76,0,1
CUST2871,13,13,3383,30825,128,83,0.75,5,1
CUST2872,26,6,3997,37839,135,4,0.27,5,1
CUST2873,22,6,1844,69322,128,22,0.57,3,1
CUST2874,39,3,4168,57321,31,86,0.89,6,1
CUST2875,2,17,2916,26988,176,39,0.48,6,1
CUST2876,38,17,390,36507,126,34,0.95,8,1
CUST2877,39,12,1535,99644,47,97,0.21,0,0
CUST2878,26,16,3306,96251,107,44,0.07,4,0
CUST2879,46,15,578,24806,19,42,0.89,9,1
CUST2880,15,13,4682,37901,81,40,0.85,2,0
CUST2881,34,1,4029,18043,123,97,0.99,6,1
CUST2882,42,17,815,76761,134,12,0.68,3,1
CUST2883,44,3,2530,10752,107,2,0.94,3,1
CUST2884,40,15,1954,69993,49,28,0.83,0,0
CUST2885,11,4,663,43616,73,74,0.84,0,0
CUST2886,3,4,1166,53127,50,86,0.57,9,1
CUST2887,6,18,4467,75777,81,81,0.38,1,0
CUST2888,9,17,3358,1453,95,90,0.93,1,0
CUST2889,6,19,3824,76432,12,67,0.43,0,0
CUST2890,9,11,889,88362,23,71,0.54,7,0
CUST2891,39,3,2822,11976,54,72,0.45,5,1
CUST2892,31,8,2412,71404,118,84,0.56,5,1
CUST2893,32,14,582,82932,59,76,0.47,9,1
CUST2894,41,1,2456,98170,164,99,0.05,9,1
CUST2895,12,14,4010,78707,3,81,0.88,8,0
CUST2896,8,2,3703,90647,58,92,0.44,4,1
CUST2897,8,4,1612,34688,57,10,0.59,3,1
CUST2898,28,19,1783,87840,145,86,0.14,5,0
CUST2899,20,6,571,94789,167,57,0.0,7,1
CUST2900,47,1,810,97516,90,97,0.25,0,0
CUST2901,7,17,315,3017,55,86,0.7,6,0
CUST2902,11,8,646,8957,45,37,0.1,7,1
CUST2903,20,19,1591,5792,1,77,0.91,8,0
CUST2904,16,1,3524,56982,21,91,0.22,7,1
CUST2905,4,5,1540,14237,21,64,0.2,6,1
CUST2906,6,16,4710,52586,52,79,0.18,2,0
CUST2907,22,6,3139,82787,82,86,0.01,1,0
CUST2908,26,8,3899,20252,171,94,0.77,2,1
CUST2909,3,13,1273,11707,67,40,0.88,3,0
CUST2910,41,16,3769,35206,113,98,0.61,3,0
CUST2911,42,3,3350,95276,44,60,0.19,5,1
CUST2912,14,19,1805,4543,160,98,0.29,6,1
CUST2913,11,12,4857,45135,10,48,0.48,3,0
CUST2914,18,16,2494,36031,64,99,0.95,9,1
CUST2915,12,11,3862,43929,69,19,0.25,5,1
CUST2916,23,10,4682,66747,68,72,0.73,8,1
CUST2917,12,4,4997,58851,28,33,0.44,5,1
CUST2918,13,12,1183,56311,116,44,0.3,2,1
CUST2919,25,2,551,66867,51,92,0.46,0,0
CUST2920,45,19,1924,89780,4,37,0.07,9,0
CUST2921,19,5,2151,58196,79,89,0.8,9,1
CUST2922,46,8,1479,74705,17,36,0.24,4,0
CUST2923,36,7,2107,58894,108,81,0.73,9,1
CUST2924,45,14,1224,88640,74,88,0.07,9,1
CUST2925,8,3,745,15591,175,21,0.96,2,1
CUST2926,29,18,4374,98247,23,2,0.19,7,0
CUST2927,32,16,2581,49893,18,31,0.88,9,0
CUST2928,44,19,1088,1727,129,97,0.81,0,0
CUST2929,18,19,1305,22359,35,30,0.97,1,0
CUST2930,6,18,2749,44822,64,76,0.48,2,0
CUST2931,18,16,2190,89534,59,44,0.73,2,0
CUST2932,19,8,4198,11929,1,12,0.37,7,1
CUST2933,22,1,3975,61091,131,51,0.18,4,1
CUST2934,37,17,3012,81378,67,49,0.44,7,0
CUST2935,32,12,1120,24519,37,24,0.17,5,0
CUST2936,41,11,4845,18393,29,24,0.98,1,0
CUST2937,3,5,2261,35318,89,60,0.1,3,1
CUST2938,28,12,4687,75531,161,11,0.59,8,1
CUST2939,10,17,3839,95192,100,13,0.63,3,0
CUST2940,35,6,3365,48934,122,91,0.54,4,1
CUST2941,29,1,4635,82103,90,72,0.66,4,1
CUST2942,15,5,2844,29840,132,74,0.12,9,1
CUST2943,33,14,1245,90367,14,72,0.56,7,0
CUST2944,7,5,3756,14265,161,64,0.29,5,1
CUST2945,12,1,2881,6424,150,20,0.94,9,1
CUST2946,30,18,3399,21625,176,72,0.76,6,1
CUST2947,21,16,1138,80622,131,73,0.97,5,1
CUST2948,31,9,641,30187,85,71,0.04,4,1
CUST2949,24,19,2750,36929,151,78,0.29,4,1
CUST2950,20,5,4425,62892,21,28,0.2,2,0
CUST2951,37,2,796,21539,171,2,0.01,6,1
CUST2952,4,15,1705,57630,26,43,0.24,9,0
CUST2953,28,7,1061,91639,41,8,0.68,4,0
CUST2954,44,4,2840,94410,122,13,0.23,6,1
CUST2955,20,1,3931,10215,38,85,0.51,1,0
CUST2956,24,13,1751,40385,88,92,0.89,8,1
CUST2957,32,7,3436,88580,11,35,0.69,7,1
CUST2958,41,15,1936,78462,29,23,0.39,4,0
CUST2959,36,14,1649,98037,60,46,0.37,1,0
CUST2960,34,19,464,96310,61,15,0.46,5,0
CUST2961,36,18,2859,26008,147,2,0.18,7,1
CUST2962,2,10,2921,49928,174,61,0.63,6,1
CUST2963,15,9,1662,84096,177,76,0.36,7,1
CUST2964,34,8,4452,90876,22,64,0.85,3,0
CUST2965,36,10,1645,25976,78,52,0.76,2,0
CUST2966,6,17,2498,28626,113,36,0.61,6,1
CUST2967,39,2,3125,99256,123,67,0.36,1,1
CUST2968,42,6,1832,60789,142,69,0.21,4,1
CUST2969,12,5,2574,5700,44,67,0.78,6,1
CUST2970,3,9,712,64645,144,47,0.49,0,1
CUST2971,45,5,415,74396,97,83,0.22,3,1
CUST2972,18,18,3531,8526,77,2,0.2,1,0
CUST2973,40,9,2372,40500,140,44,0.17,5,1
CUST2974,21,17,3353,69049,55,64,0.78,0,0
CUST2975,15,17,1906,74366,51,81,0.23,6,0
CUST2976,33,12,2306,81317,102,78,0.53,2,0
CUST2977,35,7,1767,60117,167,28,0.45,0,1
CUST2978,26,3,2408,57096,161,91,0.58,7,1
CUST2979,8,10,2531,8910,161,54,0.88,6,1
CUST2980,36,2,2353,82383,29,74,0.87,1,0
CUST2981,30,3,1328,72185,69,67,0.45,6,1
CUST2982,23,16,3710,51248,159,36,0.02,2,1
CUST2983,42,2,4523,75656,80,63,0.43,8,1
CUST2984,44,10,3853,2951,31,25,0.61,7,1
CUST2985,14,6,2565,66212,112,86,0.56,4,1
CUST2986,14,11,3121,76701,46,48,0.65,6,0
CUST2987,2,7,4767,80888,97,39,0.15,2,1
CUST2988,37,15,1279,76282,52,47,0.65,0,0
CUST2989,5,6,3711,95533,138,94,0.18,0,0
CUST2990,38,9,2941,42954,74,21,0.75,1,0
CUST2991,45,12,3220,90719,41,30,0.34,7,0
CUST2992,41,19,428,9804,77,92,0.71,0,0
CUST2993,47,3,370,93705,131,31,0.05,4,1
CUST2994,14,15,494,1595,114,26,0.41,8,1
CUST2995,39,2,4484,30592,52,22,0.71,8,1
CUST2996,25,2,625,41643,162,21,0.23,1,1
CUST2997,20,3,1118,63665,177,1,0.8,6,1
CUST2998,2,6,3453,21823,156,37,0.63,0,1
CUST2999,39,15,698,6972,87,77,0.59,2,0
CUST3000,6,10,3009,16882,109,85,0.35,5,1
